--
-- PostgreSQL database dump
--

\restrict Y7eL64RNNCf9WIp9OmFIhuDAMnbWyJMbGmDeTMeMZdChy5hK8Hi2ySdv8diHi6q

-- Dumped from database version 17.10
-- Dumped by pg_dump version 17.10

SET statement_timeout = 0;
SET lock_timeout = 0;
SET idle_in_transaction_session_timeout = 0;
SET transaction_timeout = 0;
SET client_encoding = 'UTF8';
SET standard_conforming_strings = on;
SELECT pg_catalog.set_config('search_path', '', false);
SET check_function_bodies = false;
SET xmloption = content;
SET client_min_messages = warning;
SET row_security = off;

SET default_tablespace = '';

SET default_table_access_method = heap;

--
-- Name: campaign_runs; Type: TABLE; Schema: public; Owner: postgres
--

CREATE TABLE public.campaign_runs (
    id integer NOT NULL,
    campaign_name character varying(255),
    run_date timestamp without time zone DEFAULT CURRENT_TIMESTAMP,
    trigger_mode character varying(50),
    notes text
);


ALTER TABLE public.campaign_runs OWNER TO postgres;

--
-- Name: campaign_runs_id_seq; Type: SEQUENCE; Schema: public; Owner: postgres
--

CREATE SEQUENCE public.campaign_runs_id_seq
    AS integer
    START WITH 1
    INCREMENT BY 1
    NO MINVALUE
    NO MAXVALUE
    CACHE 1;


ALTER SEQUENCE public.campaign_runs_id_seq OWNER TO postgres;

--
-- Name: campaign_runs_id_seq; Type: SEQUENCE OWNED BY; Schema: public; Owner: postgres
--

ALTER SEQUENCE public.campaign_runs_id_seq OWNED BY public.campaign_runs.id;


--
-- Name: campaign_targets; Type: TABLE; Schema: public; Owner: postgres
--

CREATE TABLE public.campaign_targets (
    id integer NOT NULL,
    campaign_id integer,
    employee_id integer,
    employee_name character varying(100),
    employee_email character varying(150),
    department character varying(100),
    target_goal character varying(30),
    status character varying(50) DEFAULT 'PENDING'::character varying,
    attempt_no integer DEFAULT 1,
    achieved boolean DEFAULT false,
    achieved_at timestamp without time zone,
    created_at timestamp without time zone DEFAULT CURRENT_TIMESTAMP
);


ALTER TABLE public.campaign_targets OWNER TO postgres;

--
-- Name: campaign_targets_id_seq; Type: SEQUENCE; Schema: public; Owner: postgres
--

CREATE SEQUENCE public.campaign_targets_id_seq
    AS integer
    START WITH 1
    INCREMENT BY 1
    NO MINVALUE
    NO MAXVALUE
    CACHE 1;


ALTER SEQUENCE public.campaign_targets_id_seq OWNER TO postgres;

--
-- Name: campaign_targets_id_seq; Type: SEQUENCE OWNED BY; Schema: public; Owner: postgres
--

ALTER SEQUENCE public.campaign_targets_id_seq OWNED BY public.campaign_targets.id;


--
-- Name: employee_signatures; Type: TABLE; Schema: public; Owner: postgres
--

CREATE TABLE public.employee_signatures (
    id integer NOT NULL,
    employee_name character varying(100) NOT NULL,
    signature_text text NOT NULL,
    designation character varying(100),
    department character varying(50),
    location character varying(100),
    is_department_head boolean DEFAULT false,
    created_at timestamp without time zone DEFAULT now(),
    updated_at timestamp without time zone DEFAULT now()
);


ALTER TABLE public.employee_signatures OWNER TO postgres;

--
-- Name: employee_signatures_id_seq; Type: SEQUENCE; Schema: public; Owner: postgres
--

CREATE SEQUENCE public.employee_signatures_id_seq
    AS integer
    START WITH 1
    INCREMENT BY 1
    NO MINVALUE
    NO MAXVALUE
    CACHE 1;


ALTER SEQUENCE public.employee_signatures_id_seq OWNER TO postgres;

--
-- Name: employee_signatures_id_seq; Type: SEQUENCE OWNED BY; Schema: public; Owner: postgres
--

ALTER SEQUENCE public.employee_signatures_id_seq OWNED BY public.employee_signatures.id;


--
-- Name: employees; Type: TABLE; Schema: public; Owner: postgres
--

CREATE TABLE public.employees (
    id integer NOT NULL,
    emp_id character varying(50) NOT NULL,
    name character varying(100) NOT NULL,
    email character varying(150) NOT NULL,
    department character varying(100),
    status character varying(50) DEFAULT 'Pending...'::character varying,
    gender character varying(20),
    age integer,
    target_goal character varying(30) DEFAULT 'CLICK'::character varying,
    risk_score integer DEFAULT 0,
    risk_level character varying(50) DEFAULT 'LOW'::character varying,
    risk_percentile numeric(5,2) DEFAULT 0.00,
    risk_rank integer DEFAULT 0
);


ALTER TABLE public.employees OWNER TO postgres;

--
-- Name: employees_id_seq; Type: SEQUENCE; Schema: public; Owner: postgres
--

CREATE SEQUENCE public.employees_id_seq
    AS integer
    START WITH 1
    INCREMENT BY 1
    NO MINVALUE
    NO MAXVALUE
    CACHE 1;


ALTER SEQUENCE public.employees_id_seq OWNER TO postgres;

--
-- Name: employees_id_seq; Type: SEQUENCE OWNED BY; Schema: public; Owner: postgres
--

ALTER SEQUENCE public.employees_id_seq OWNED BY public.employees.id;


--
-- Name: login_attempts; Type: TABLE; Schema: public; Owner: postgres
--

CREATE TABLE public.login_attempts (
    username character varying(255) NOT NULL,
    failed_attempts integer DEFAULT 0,
    locked_until timestamp without time zone
);


ALTER TABLE public.login_attempts OWNER TO postgres;

--
-- Name: prompt_history; Type: TABLE; Schema: public; Owner: postgres
--

CREATE TABLE public.prompt_history (
    id integer NOT NULL,
    campaign_id integer,
    previous_result character varying(30),
    modification_reason text,
    encrypted_prompt_data text,
    created_at timestamp without time zone DEFAULT CURRENT_TIMESTAMP
);


ALTER TABLE public.prompt_history OWNER TO postgres;

--
-- Name: prompt_history_id_seq; Type: SEQUENCE; Schema: public; Owner: postgres
--

CREATE SEQUENCE public.prompt_history_id_seq
    AS integer
    START WITH 1
    INCREMENT BY 1
    NO MINVALUE
    NO MAXVALUE
    CACHE 1;


ALTER SEQUENCE public.prompt_history_id_seq OWNER TO postgres;

--
-- Name: prompt_history_id_seq; Type: SEQUENCE OWNED BY; Schema: public; Owner: postgres
--

ALTER SEQUENCE public.prompt_history_id_seq OWNED BY public.prompt_history.id;


--
-- Name: simulation_logs; Type: TABLE; Schema: public; Owner: postgres
--

CREATE TABLE public.simulation_logs (
    id integer NOT NULL,
    payload_type text,
    risk_score integer,
    encrypted_data text,
    "timestamp" timestamp without time zone DEFAULT CURRENT_TIMESTAMP,
    campaign_id integer,
    prompt_version_id integer,
    employee_id integer,
    event_type character varying(50)
);


ALTER TABLE public.simulation_logs OWNER TO postgres;

--
-- Name: simulation_logs_id_seq; Type: SEQUENCE; Schema: public; Owner: postgres
--

CREATE SEQUENCE public.simulation_logs_id_seq
    AS integer
    START WITH 1
    INCREMENT BY 1
    NO MINVALUE
    NO MAXVALUE
    CACHE 1;


ALTER SEQUENCE public.simulation_logs_id_seq OWNER TO postgres;

--
-- Name: simulation_logs_id_seq; Type: SEQUENCE OWNED BY; Schema: public; Owner: postgres
--

ALTER SEQUENCE public.simulation_logs_id_seq OWNED BY public.simulation_logs.id;


--
-- Name: campaign_runs id; Type: DEFAULT; Schema: public; Owner: postgres
--

ALTER TABLE ONLY public.campaign_runs ALTER COLUMN id SET DEFAULT nextval('public.campaign_runs_id_seq'::regclass);


--
-- Name: campaign_targets id; Type: DEFAULT; Schema: public; Owner: postgres
--

ALTER TABLE ONLY public.campaign_targets ALTER COLUMN id SET DEFAULT nextval('public.campaign_targets_id_seq'::regclass);


--
-- Name: employee_signatures id; Type: DEFAULT; Schema: public; Owner: postgres
--

ALTER TABLE ONLY public.employee_signatures ALTER COLUMN id SET DEFAULT nextval('public.employee_signatures_id_seq'::regclass);


--
-- Name: employees id; Type: DEFAULT; Schema: public; Owner: postgres
--

ALTER TABLE ONLY public.employees ALTER COLUMN id SET DEFAULT nextval('public.employees_id_seq'::regclass);


--
-- Name: prompt_history id; Type: DEFAULT; Schema: public; Owner: postgres
--

ALTER TABLE ONLY public.prompt_history ALTER COLUMN id SET DEFAULT nextval('public.prompt_history_id_seq'::regclass);


--
-- Name: simulation_logs id; Type: DEFAULT; Schema: public; Owner: postgres
--

ALTER TABLE ONLY public.simulation_logs ALTER COLUMN id SET DEFAULT nextval('public.simulation_logs_id_seq'::regclass);


--
-- Data for Name: campaign_runs; Type: TABLE DATA; Schema: public; Owner: postgres
--

COPY public.campaign_runs (id, campaign_name, run_date, trigger_mode, notes) FROM stdin;
123	Single Simulation - Sreya	2026-07-09 00:37:00.683341	manual	Single targeted simulation for sreya00713@gmail.com | employee_id=3
124	Single Simulation - Khushi	2026-07-09 00:37:56.434737	manual	Single targeted simulation for khushi070414@gmail.com | employee_id=1
125	Single Simulation - Khushi	2026-07-09 04:25:37.375844	manual	Single targeted simulation for khushi070414@gmail.com | employee_id=1
126	Single Simulation - Khushi	2026-07-09 04:25:40.905891	manual	Single targeted simulation for khushi070414@gmail.com | employee_id=1
127	Single Simulation - Vaishnavi	2026-07-09 04:25:44.839117	manual	Single targeted simulation for khusu4370@gmail.com | employee_id=7
128	Single Simulation - Vaishnavi	2026-07-09 04:25:49.292124	manual	Single targeted simulation for khusu4370@gmail.com | employee_id=7
129	Single Simulation - Vaishnavi	2026-07-09 04:26:31.453968	manual	Single targeted simulation for khusu4370@gmail.com | employee_id=7
130	Single Simulation - Vaishnavi	2026-07-09 04:27:46.951027	manual	Single targeted simulation for khusu4370@gmail.com | employee_id=7
\.


--
-- Data for Name: campaign_targets; Type: TABLE DATA; Schema: public; Owner: postgres
--

COPY public.campaign_targets (id, campaign_id, employee_id, employee_name, employee_email, department, target_goal, status, attempt_no, achieved, achieved_at, created_at) FROM stdin;
204	124	1	Khushi	khushi070414@gmail.com	HR	CLICK	TRIGGERED	1	f	\N	2026-07-09 00:37:56.525645
203	123	3	Sreya	sreya00713@gmail.com	Cyber Security	CREDENTIAL	CLICKED_ONLY	1	f	\N	2026-07-09 00:37:00.755768
206	126	1	Khushi	khushi070414@gmail.com	HR	CLICK	TRIGGERED	1	f	\N	2026-07-09 04:25:40.99845
208	128	7	Vaishnavi	khusu4370@gmail.com	Management	CREDENTIAL	TRIGGERED	1	f	\N	2026-07-09 04:25:49.343159
209	129	7	Vaishnavi	khusu4370@gmail.com	Management	CREDENTIAL	TRIGGERED	1	f	\N	2026-07-09 04:26:31.515223
205	125	1	Khushi	khushi070414@gmail.com	HR	CLICK	CLICK_CAPTURED	1	t	2026-07-09 04:27:07.821373	2026-07-09 04:25:37.440455
210	130	7	Vaishnavi	khusu4370@gmail.com	Management	CREDENTIAL	TRIGGERED	1	f	\N	2026-07-09 04:27:47.03438
207	127	7	Vaishnavi	khusu4370@gmail.com	Management	CREDENTIAL	CLICKED_ONLY	1	f	\N	2026-07-09 04:25:44.922287
\.


--
-- Data for Name: employee_signatures; Type: TABLE DATA; Schema: public; Owner: postgres
--

COPY public.employee_signatures (id, employee_name, signature_text, designation, department, location, is_department_head, created_at, updated_at) FROM stdin;
1	Gautam Thakur	Thanks & Regards,\nGautam Thakur\nManager – System Administration\nHawkins Cookers Limited\nMahim, Mumbai	Manager – System Administration	Cyber Security	Mahim, Mumbai	t	2026-06-29 11:32:48.091067	2026-06-29 11:32:48.091067
2	Akshat	Thanks & Regards,\r\nGautam Thakur\r\nManager – System Administration\r\nHawkins Cookers Limited\r\nMahim, Mumbai				t	2026-06-29 12:49:07.445821	2026-06-29 12:49:07.445821
3	Gautam 5	Thanks & Regards,\r\nGautam Thakur\r\nManager – System Administration\r\nHawkins Cookers Limited\r\nMahim, Mumbai				f	2026-06-29 12:49:20.657704	2026-06-29 12:49:20.657704
4	Gautam 3	Thanks & Regards,\r\nGautam Thakur\r\nManager – System Administration\r\nHawkins Cookers Limited\r\nMahim, Mumbai				f	2026-06-29 12:50:30.674201	2026-06-29 12:50:30.674201
5	Numair Nakhwa	Thanks & Regards,\r\nGautam Thakur\r\nManager – System Administration\r\nHawkins Cookers Limited\r\nMahim, Mumbai				f	2026-06-29 12:50:46.742822	2026-06-29 12:50:46.742822
6	Sreya	Thanks & Regards,\r\nGautam Thakur\r\nManager – System Administration\r\nHawkins Cookers Limited\r\nMahim, Mumbai				f	2026-06-29 13:01:39.849339	2026-06-29 13:01:39.849339
\.


--
-- Data for Name: employees; Type: TABLE DATA; Schema: public; Owner: postgres
--

COPY public.employees (id, emp_id, name, email, department, status, gender, age, target_goal, risk_score, risk_level, risk_percentile, risk_rank) FROM stdin;
7	EMP007	Vaishnavi	khusu4370@gmail.com	Management	Pending...	Female	27	CREDENTIAL	41	HIGH	100.00	1
3	EMP003	Sreya	sreya00713@gmail.com	Cyber Security	Pending...	Female	21	CREDENTIAL	33	MEDIUM	91.67	2
1	EMP001	Khushi	khushi070414@gmail.com	HR	Pending...	Female	21	CLICK	11	LOW	83.33	3
2	EMP002	Akshat	akshattripathi2005@gmail.com	Cyber Security	Pending...	Male	20	CLICK	0	LOW	41.67	4
13	EMP004	Saurabh Singh	saurabh.singh@hawkinscookers.com	Management	Pending...	Male	25	CLICK	0	LOW	41.67	5
14	EMP005	Gautam	gautam@hawkinscookers.com	Cyber Security	Pending...	Male	24	CLICK	0	LOW	41.67	6
15	EMP006	Numair Nakhwa	numair.nakhwa@hawkinscookers.com	IT	Pending...	Male	25	CLICK	0	LOW	41.67	7
16	EMP010	Gautam 1	gautam@hawkinscookers.com	Management	Pending...	Male	45	CREDENTIAL	0	LOW	41.67	8
17	EMP011	Gautam 2	gautam@hawkinscookers.com	Finance	Pending...	Male	32	CLICK	0	LOW	41.67	9
18	EMP012	Gautam 3	gautam@hawkinscookers.com	IT	Pending...	Male	28	CREDENTIAL	0	LOW	41.67	10
19	EMP013	Gautam 4	gautam@hawkinscookers.com	HR	Pending...	Male	40	CREDENTIAL	0	LOW	41.67	11
20	EMP014	Gautam 5	gautam@hawkinscookers.com	Cyber Security	Pending...	Male	30	CREDENTIAL	0	LOW	41.67	12
22	EMP016	Shubh	subhrojyotikarchowdhury@gmail.com	Cyber Security	Pending...	Male	22	CLICK	0	LOW	0.00	0
\.


--
-- Data for Name: login_attempts; Type: TABLE DATA; Schema: public; Owner: postgres
--

COPY public.login_attempts (username, failed_attempts, locked_until) FROM stdin;
1234	1	\N
admin123	1	\N
admin	0	\N
\.


--
-- Data for Name: prompt_history; Type: TABLE DATA; Schema: public; Owner: postgres
--

COPY public.prompt_history (id, campaign_id, previous_result, modification_reason, encrypted_prompt_data, created_at) FROM stdin;
200	123	NO_PREVIOUS_TRIGGER	FIRST_TIME_SIMULATION	gAAAAABqTp_kkd2tdMlIzeWzJfhL5FNTUWITep0JhbymV_2bk6b8GHG_E1YdT3dd8ButP_fYwa-bVcVndMTFo-zK0dM86SVT0uhXbIRXuBf8NYASue6cBW-r6Lmss4FI0WwYTkWRU5o5BZND3ZyVbqrAAm34sIhdly2T4BxVCJZfVrY9jcnC7Sgrlpo8aHrhWCClXvGMtcDevtHrny09rTPVeqkYtRZhCivB8wwgQfY9eMNk298ZcCWN6SiqFaU0tTNgZwdUOmefYufPMQumpKALrrPxZMJY1la2SJIZgm6rwyOHgPmq2Zz_1ajl58xA3eoCLd4Vo8OWKSI4xyA0Axrmh79S90KD7AU7c3-HycvIhEwiw3BVxLlTGn2FLbE4ODPH8Gq5gCFt3O-c94cry2nHgYbUzCWrhAeyikVjJT3a8q8m46VDbf75bEqmizUYvk_6rBi_8j6ok2tuuml_u7NfDM2NJCU9NLHPQwVKy5kCkE0WFHAo-9p6KcsIc09CnhDUzZ-WWWeLvi9OpNqaSairirF7t2jMSBNoB1MHxDmxn-ZLa4cTTNAf3MIysCDf9fzCaP7T7pPaMcsX8T7HFwGEqWnohITSMk0MB1z375dA4lemKzTU-hvyDUiwpyq34PLwd6K77sNBMYjAkJPHnc8bcR6S3mMxAhShUAUGRvL9Lj53e6igv13HjLnQFIn587_0j8Dz2H1zTRYKcfUul3UkBnNFX7i66-CRbCUOY6xuuiV4BAqLkxWg9dPi73KX4QiENCtPLICNglqSbkwo5UvY57DyM-sMGqVkqsFp7m_YzokrKL5UUt4Yw9BNb4OMQnY9eA85VoUwLdeYpspNVvSq1ouN3Ud07AFqEdp6zeKYweMR66CwUz2eNtcWBaK4Tj09XTTj51QWCAAl5NJ08-ycWbcKMb05TuEmsmai7oFdW8HoAfYYTd4GAKwDjicK6UIvaizC0YIS5IZnxEfGZU0H2_z2c0EWI4J6M47DQacgs_doPlupUeS5-_zdhVRQNEWnnCUAlhuTccya8ZhEAexqaU-Ny34HnZpx3KPnd45fvp5Xuyo_v6KTPJz2ak27CfmLNsw6-_XblPCDjB0Swp4GjJUe0EKKi-Al__JNx3kmYQZ4r5XUShy7goGPtzEfzZhh_wd7ogocuo6TmpjvF46vWNp4gLQQ70ITKsMeh0Du8WktNqJvjS0W5tjaYbMjRg_8unAdFXWr0Iloox1qjgUCMgQWtBgXr6E9EUam6yGVOJKX5ZRjIWJSqqkIBCImxSXhV2xQ7dHdJZzIKO7K3WreimVSl6vSJcCi3trZMiH8VwF7yd_HrVulDwZCyJhakPj3lwjA3BGwYIN2XGv8JVj3tMhb8Dfavbw-6rzZ3JC_WDjS5eMaxoT0DChNodhdSIoJa8ZGlqoJeA6EUErnfd3HDYN1FOfAdnYc8_isNg4SC9XFDUzRmuOeLE2fRA1lsVznlI5jeZ0uDkAhGA29ufapbMHe8aQeUyUGZsrlLEkJWc24fcZ-0ycgBzwx0090z2MkvE6uLusUcIffwakAa-ZtNPBy-QGK38KPOx_1RKqFCis1Nmh9Mq-TqIN-oPFFwqCdGbukZRZNLZ2utj6nzMINaKIhftQBevG0TO8Zz8VFXdGpb1KhBCsWhByN0z1e-gLtTWLluzrhO3zQTRJnYylUxRdE2x17CJWeKZGdB7gky5VgiXaJTuKZqONlJcQIH_HEdTO4KWVU8w8SMDgDoRb8EUtDeOroo4ccscDQkIUjgvEJCH7zYl2zp7UlHDjzadIc2twxgKBGWf0_p2ovbnvH_VsNo4ceWWbCjO9CJnVJU9VfCGaBFE_upGMN__H7LcTH3FHDbcls40orUZN59LFWUZuHUUg1Xf3w9Td2CCDTgvAh2ltKX0M1yzVpBC01kiCuBgnLdWN9tFDzHwncPHfszd2ghgRl6IWNWJJgofBu06vTlZP1SxgHKQYbRpUJGZySuveX4z0HGrdrnQepphPkOcaU3nQRPK6Yr88cxAQss8rYUZO3mn98ryBKJ5F3l0pxKAMryQcE3CCoQm4QsRUJGFDOEUFU3EMve-GjZD_2Pu8VLBGz0Sq4-ropNh2tTlUj7HJnw_jxDo8AKcikfZ-4QsvbMk58mcRGi6K4PBXx_pLuZZvC6vwZxGxMh38CkDKkMvC0sgzq2l-rbzawhHTLMI5cgqJdErRx2rgqi_VsBeNDdOVP8ATKttRomlfrBT4y8qofl-kznztjIJY7FZfKxu5ey6eGL1Ir7IO-oYeNdr9uM4mal4HWz2owldka9mu0MFKuYVBSnZj776sXvNpx_GctxNDzvV5sUAgPWEvIzpvtk8rRu7MgYRa8SpDk0cGEgdwZvW35PIJkMVzJwch7BW1F_UFi34sB8C2E_7aycdx2lTofKmCA69G8BzThwhAA8PacND78pQn5QA5TfI4DLUbFzC09MwkbIp8qeKW2WVt3w1e2L8AD3_8EgBRywVk9gtQ6dBtw-RlQHcuSpYRTbwT13NrIPqfOLVKwKg2bSx3EqKigNhFrxODlANykz2u-3oBvWko2Iam3JeU8ajU7cXUeHKlSriSEdvxTc_GoAE7T9G3wEb6h9cvEYnSYkw2lRYqLJqIMh10tAngZUSq-3WTMCMaztwtMtLnGiV_uDabrB9E1VLojBIikCSWdvyu8dMFQmlQfhNoos6jwmyqQkmjhqi_mBCYrscUpITkshhGxLEX7TsJ4SuRjeKM2351hLF2thP2ZelMNnvw03luVxY_NsPkOkY6AkQSECoX98DeTQC0GDcKHe-2eLSFpqWLJsXe95uMB2xGFQGnBp4VZ_jAlhxybgI-fl_GuyZvVdA7aXMEoq5iP0fDrhiqpBZePCHm0d_CgeGWan7lGnPsnnMiQW4vbpEVvWU3VLwOolfJTOElhC9sZonJzowB9ELb4a2rwLPNvDqgbVlwpnZIFWnZ4FUxx0SmLIP9437iJUM6iBqtuWJ3NDOWle-r_hHaTdi9exTomJEfJupaTJa0Tl-7R0R4rRvfPo-D9VBBwkqPPxtm7NDMd-j6ca07zzjyn_a7VKo-S3CuUl2MV4zNNDLuWA2OB3zJjxrcQVpwwy4xdCGoIMEHk9Cgt4pDN_OQCqcs22oc1C_E2exARTwEpJ1VYMbCFIsjkmwIkeV0Ya_Ut6WJoxr2IOwpmMczG3pbhiVSHYqFp6zbSGAR2A7vyVS4ZZZSyeO4jwbQUobbqpW42XvF7gw53KrMtZT7I7koIqbb0nHxkee3VW6KaXz2Q0RFTBbZu8o92zTOrh1Y4fpPqximglW7kBJUqOwLtC5JdGocQ0ewnmdBIx-SHp4TWwQtEMFaZLHfJiQmOdkUJVdwx51RTPCls0XDVaqcGP5kNEcOzr3gGtUAItrRvTXVOSEx8tJebTtxPZ_mV_CbWqSjnFGtB0QKP8AnuUR_EBajufoh8bjuuUUhaEv1ejZnk2gN-ImrqsowiUlBhjF0RmHl_evS8MW3ePzm_VZhNtPMKEdg87QrRp6MemMzRpJZkngfes8jL0TXlFP6pRIbtmbsAygAEiv4S969qXV9sGE7mL-n0fPpX-jYgnqjNaYqS0G38dahk3xTkc-pHZShzqtdUL5ED3_UoRPAGxN1MQWRfKpGwO_huh_SOvGcadzS4CmKcpaIp_Hy_BBMEHCCiBxTEyihDu_6yGiqV3t897jauBZ0tlcSoY93svnqnW5aS23G30sR9VUhHfRxpgzjufwAXpvjQ3pVwojPidhiz4ZEI7AihfD0tc-NJ8ppNrajrET4IldQH7Fvy6NGj_D_gjygfjenyFF6sk6ntrf-_Zv-sCQ9nI11Zq746aKgKeVfuCH1vqexbXYSMPbEnVS-t7g0GfZcJ57J7QfrZj3hFyC_pjoE1qSuB9vzmdraJi9-uNMFeopr5CtmsDtcer_pd9x9NfnWKrPyEbAEdEvcTpZSBr9vMp4VQ_AXp2lwH7eF5v7PDkJcophpUhRIfCPnTcM7Y3v_Gen9lGQotd-ok63OA2jw3p7Zubz5RJ_REjWrVrxeOwSB4-g7vnijhwhB20WX7x4wLJCtJdiR5w8pMCEcXj4nngFLe9ZZIE_ZacxnkG4HaaelJkMHTc4GDIfFMg2C4YpJQNcbcFyZ1MnF0ikEQzxok3VvsfQQkN8B-je3Kq6PAwATjKznaXt7I1uVdm3u5DSBWj3BdXB_VChuOGeUrBGKvsn-8KrdLn4bXDqYAn8i3xQTGG0heaZaZTx09-TG6lLhNUyII3_KMJlwIv7A9vEj-tg1OX326k7rmMBf81kwKONdYLmlzkzTBZhEXun8lkHTfonfpDnEtN_3YHqKelwNdLFbCsfx7yjt1ZDqyUadUKj3ZZQeBsDJnsgW3SenyBnEWdZiZ2aY0eRcQIsJNjnE4a1hGi3PFHIXFJdqNVVcDsJFTlyD7ZvHPG3xzC6eA2qaiSMhYZypwjN-wEQZXNFfk1uyyb9gvXIxtApr7UZUyIkLN99J_x1w4G_9d8b7JfRklgvD1dArujiUD5WpqcbFmOqO5dQzSvHDceouXESwGZbfWmqBNDhLBJ4jSYqvTSlu9B5sy4sN56CxiQHacKK_OycNpaN4k3a4cUBHYcpz3qewJO-Uc_HVyHAfcfcW-MKD4OCx4its-PqR5c5hkMcQOdmnTqnXLN4ybjCc3H5KHZUfMduksOlqZfBJjf4IxFkwSe5iW7sFh2Zqtxl_Py9VlnC_ggjwK_5X2PQa32IT4LmeFGsCUXWMdzaqhfkBmW8hgIf7X7kapnssOjhfJvuWFCMjOeS6tMiXDgmiAM9Q0X1DSfIIVNyWMi5gJxQzml8wlIAumT4Ixr6yqGluj-mOx453HYRr0zxRYrHGQjPQd1-hC6w_dPPWnkbqMB_kOko9gvxZtfl2K2fHDahqZK1eDB7eHk0jaouZgN875MxYU3bMo0WeqGskgI8rfeUvmvYf7768933fpG7NusJCjyz7eBqeL7mO_f2ZG1e-uAZp3_wPYxTdeLhR7jhI8-DEOOexO7CNDMUcDGC1JATijD09Aa7inzXNJNkPQcqNfxuuEqSo3-GZwnwJQTco_VXO-07uVBpDd5KbYnEHVQv6q9Z7vknFkBXjiO9wxicDPlKPxfpgoX03JXO4IXhxXGzYwk-oZ8v4NNNeHR1HvwJXeos0M8gUYiOPy-A-4JMIE0mhf3nzuIJ5DdocUItTmzOmUVj8hd3fB9nd2afNA0-3Or-NskQsNKjOfGslcDGFyzGD3GmG1TsmClV84h1Kx-J7GfzcqyGFTgn3s6me9LeXfz358Cxf_Sv-qO5IR0exeavlLhUbVvnWuEPXjfwd0ZIdjq7VRirBJA6IDDD_tEwyvdaezKGQcO8_n2ygcZLuFQ-a2atkkteczxwF4-11bQ5OD7wZgdKVzIakqSJ6VOPSNF6AY62DovMI8IWRkPQKsSW6w_nl809g9u-dNao-AIzlwyXMeuF4Js0B5QvvfCjNvso7qv8PMb3eUMJrvvHdWuZgDyrurPLcFjZSJpIOvr04-2GGQMsDyk4psLdT1ni7kwwMcCWE0J-T1tzQJH_xGenU3ACObgvWZKDnTsegABAi0YBxRvZ2CPH8q38ODREZGfPKJmutlegWzJKSKA4MG-qROrj2vLusct6JZcUL45G-2HOpOdNU8ugj6hoFsyrn27b-AODdYL8E4IRWBu6tOjnI21HTnnAhQliVcHgsFgSoC8UxwddgG_I4AIyiSvHv3Ggu5QBX-	2026-07-09 00:37:16.431216
201	124	NO_PREVIOUS_TRIGGER	FIRST_TIME_SIMULATION	gAAAAABqTqAhyOmTcJ1Su9UUwFZPCAY9YkNPBuGLXkT_tlilbGjiZrzLjiqA4R3yUP5aE88k3UYRpX0U1VfSZrOQ03kduv38GbcnxeSzRfLfmN46or7FumI5w0hakUopQgEog48wt6DqT91iyGYsP7bCKtNgpjX_iVzgksl4xx9tpG65tWKSrH9OGb8OzoOmCANOwS2Em7jDHbsj65ORnudOGUeLa3JtJk314guTIV2Y84xc9uUnF451x0o6Za4JbGzfPgVAuIMkPrxExzot-34ITvFh9BBMfemOVjqn5t5gYVqSpR4qa6rRNj91iL-DVHM65fEuAHIABLSiT65hrdeqhZBVZseKCz6qfjSDSLlAfQ-CapswuPOFJLgOtWxLUMXGSusvWRhMNsUcA5nUg_kpWQEIwe1p1dl3yRSw0AtzbMPxjLe-_oDvH78ilHABW6N_AiStZDYELMoL-kfnq7ceG9mcjO7tBSmb3Fiyfx_gZHc9fmhwb2Sb6skYMiTBcapJMMxTsmwcZO6ksvxODQmsmbcuQMB9GI8vjSQ0h-Rt4MNWCgJok6fYNbu35C1FDdh6s8wh7VTfO6CwJ2MfBK3m7cB7BEzFZYz2E_WwlzkMdPYw9Bz-bumjVMeBezTioao7G7NF_g9__ULIsGxRkV9YjwF4R-zn1_jdQC19GavBIR8ziLtgiIxc6SghxJpbCYmGcRU7jD_xO6-UFSxWxkXxSutwCiOzl2IP1mZN-BjNUv6P-iu1vDoHOLK2qKjaamrCcc37UQyQjSVsTSrt7aUKmAf5lVXBN9JAQC1LSbvkkrn9QMBl-cOw9qb_gfz_tIWRZ8mcieZPcUA1j0mNk4_PXDT9yqbObJTzhjy7VrDnCrG4wOFhRZZUVurD7P8QDbnphyAPKk4JHUXn2GK2qoWpddCgWLW2wXPjtbUgzNqvsKZGgn-PBq4vIuCrqnYRmQZiSwk2PHF7rwp5xOpr0MQEeZJLSdq8ZHOxU9UlFBdR0E6l6R5xtSZynfZIhDWc_upHDpGjE204kgXFIrr_lxU-zX0D_aj2No1bWwwF0oPcjlC2XJ0UGm9Ugjw1ZULcYR4c_Vy16uXHFjExfMnyMD9jPiu8Wn9nGDypV7whzHctnQHv_ppu8bFVA40I6cWZMGa4_clceKwGQFPDvQuGPpU-uexZmuVpjJ2-NeGa0Ga_ETe6d5_Yn1KmJIpqSaog2kpRQ1zKJK-50Z9nCyugYwmQEIfAnLSUMGm5LUq8Va-75xpD4xDNTkDthjV5jeo2VOr88OsYhpHs2VjaH1NF7dmkXQFUIqZWUMOH8yOBCSZgEC1XzV6G1tKQIuSLcUgAEdLPYvfGdkPn8QezeLWh-wJszvVXRFYIBFcjBx5rFsT8mx9stwhuXO4q7l3saeO-rpA1hh8xGx_qgeKdWjRxnoOfwWpXiweT5TJRVfy_3WNcaVWuOkq-ijpwPZ7o-6FZXmhzOkuIDC8AvRCEtGDjIfI-4SvNjAJ7DX-zHhoN34m5EcgaUNn4ZfUGoB0BgboYPTL2_HUuJPbu61nT3AZ_-uLNWwxt8F1-KfkuajvIL_KPodp3RWBfonHL9AqGL-sdgFV73ZbCG2OIdhMeupqQDe_tw4TwAcryh0Nwsuhk_lW73f9PtGmukgfIzr7t8YxEs1KkGVb9aHX99ux7egjHxJQUGpZzu6lXFuL6tDJsFtML0g8E3iBMRbdJYEY42ceanAZBAgfgtRmdwlDy6CVO61l5disek-WU94cA9WgCjIbDljrS6L7L5De-x9lGibVlKPYPrUMtof25p6EaoRz01fTsWhJ8mQH-oecTtip2RHthv3rrJ7ChI570E3DuL4LnYeyRPTMYm6kRGTtb7tsZLUxKefOmN_EJBvKTkNp_BNxnr7tVaSwsDJmH8JB5_unPlU_10ZDjK4a6gzJWfZRFZ4OG7ZnoTREXd28-7c1Oy9JMvoJBQLM7Nd7Y4Q7mnDjTPTCtyedAsGHayQacO7lqzzZJ5e024EHkl4I_PIf-XCqcOfM0ffbBjDQEr-wwyir21jpojgL7biYOJQHl-WtzfQMc43dyE8MkDK2XfFXSGLz8aAyA5rURZfYyYUJ3P1ZB6hnIwOucttJKkPMQX0MjHSkydwboJLF6lfhyTIXm8BjKMe2bFI3bq9cTDQd3PKc9GiHY02j9lRFqDe3m3hjYDY9ahrhcaErEceZDrg7noxcGIQPEHZfra-42I4ALAJTG5I5vL7DOSKvynDQ4I2e7bB5N27kIEirbzlJsFZ2GjHm7yhs-BhIX1RB1Rt5IVvIjZSQrkjaooWQQPmpmPllbLCfbD5dx0JvcxAlwCu3jkYdFJ6hXXywBFKX--uu1dt8U7bKTD1RVqjpbxT2aPrAgePky6OHR5_keqHnD6DUz1KKLLYysTBCjVBeog3vwaAvozDKpONvP4XylIbCklWCsp-c38r2cTgcltnISYQbXSEWri40XAwHMu7QusCSyFB4V2FovEDs6lEk5_CirEUNWYKxSmt4GjRFC3CEfRyDPlUr5OIgD86uvFUirM3gvc_fDuU9khObtLppZF-e10LF5dA76ILxzhhFhP2ns6StWKkQDn0dU88H8jPLabAwL2fDJYNHDf3X-wC8O_QdVCvvwOE9wK7SgpChfA11o5d-fQXTgF75wwarwZ-G1LUf_Sc3JePUGM2iR-ctgMMtRb0vCoYV1VkXzDfyxQU-sFxw9TkZoHfbSZPTLqp27QMi6dd0jPbFjF0PMQzMcXVlRiFFJIekLz3zgPHyyxP98niMoTa2g6DwHjkAOrKzJSZTta1nc5POrkfF-H3QJLAIY7mns5B0tpCc9nyfvI57rY7-abZ7EoaUE-OyrsjG2-EBSzOE6QviWgXO70ZW9sRLLGtcfIVnbsB0dwXTp4vTDL5S0Tqo530JuP_BcPUoSt86k0-UnR3T19caEgNDQUMdD_2x-sXucGlVQB_CnBHRkDgoOzuTY5xM6PhFxec6Y0MjUafrjBXV-P47iNAPTQEQwP8tOXUndnbRqNxy5TvcEPPqaTlV2BKtW5aORyWgDwgbG-xW0_X37Eex4DkHqUK8LTOLgFFFqbppc38pJDW9IcSUDwAvgy_dN6C5aYQeSAHdISBgfEXlWuU-0lDeR8b9xb_1NKDyXIhAUqqK_j5cFgjTNaKiSgJgCc-Vc9vtemA6wWnOHWtosB4I0WjULQjQ2m7vOF574FdcTuWyi4rossYrBf7UnE6G4o7YQeameEhI5f7HhxAOXTDvUjznP6TSi8dQtIaWuBAN7Lw20w7-zXyeJVetxzkQPQzQQTna3xywuPjPWSDCn5YZqvKf42npVySidnWmvxqlSpGgIdme3a3FKoJ4sKImWMU-kkbzJ0KGCUKARF1KbRoryWN61UMsveJexvMkqZt6ClbkF8REKrKPtV24rISO4-qoacHl8MFn4Oh5cqroeLSgZ70XaCWBxZFyEGiLQsruc9q4ixxyj_pTWLJIY024RAkLZ590naF1_MnF56QhxHC1dQw3ie5UJ5sMb0ohDPnGQ7OK6CAvXAFGo3P3Q92QcUmknH_ENxcTJIm5BmIq8aqBLjfQP23Pa3d8B-ACctPEHQ9sj78kp5nDCjuoDcHMGj9d3pzINo_C-2b2jUUQY04c3-RVJJWSxSoyUFYPocLvp-3z6_K5jZeWruMIcQSFaYbVtn-l1uzJCpjstGEuQHD52D5qKy2tcds26cKOTpwZ_NhyYbOofqajYOf_py2eYt_xEEKm0iUbQ1p4tHd6adD6CybXUloEnJnpVM7vPyB372V5ToyRJDkRKKlazFsMsNgj6tbX9AG0c-BdSWPIlk2Cr1SaTm2-DnkvgtIx_7dsk2Lq9pj3Zzd43aDWneAc_FRae-T3w7IT1Rcn7XKxI834S4OeR9eT6Sk5vxMaBmpo8TWl3xFzR112THDiOyZeCdrjelu7-8tUURg3ePR0xcZ9DnPbD-p1yJFvsQVuZW8K6H_mAi8MvolE3M3MqTrbQvDp1vvrRuBmwhhV-WbUpwvfVSEQdaHtVNa9sFySw2MCdkS8XNqtWo4blSg3HTiosZMa4uM4MHvkLnc6HhODohYm8NvXL6Cj_5i2r4BGhAf2Rax6eFMzs0rT6HpYgWKLMQcHC2DGzWsFfkf4p5xaoiyEBxGAZqYV_4MA88dhj-9RUxB4KqYA5r_PlYlyQjnTtVbGskr7_Z1YPMFGO9R7V_gMxnxJzgQRBEUWE2nXpKH_nJ8SUAtDMRfIgfk6Vsfiu1rkAPQRUJsxOBEY2rA2QfwuUqIPyC6IQQVlry7VytXJyE7WVbrVNb1OmnGaJbwbeUwyDXMGDNvYaaDvwP9xkaLIVLHypIByr1TObv2NF7PGirZqyinaP08h44IK4d11ciyZKrFZHM2hl77O_qrHfKo5tTT3XtyI7ocdDVDiz1na2yE_yTr83stC0w2himrbmKuH5q9Ic3y-haxBRVtXKIz5Dm7FhWsWPJqhqLeuepWh40NoeBgJkPG_BV3TLsid7iqcq-sMcW1rfksoDbp-lX-ZUfIBd-DIc6vqdq3YKXiEeWCIlK-Y04zvO3LuLpwFn8Yd_6ZkfIN1xL-YtUvMRQVrW_lp7lVtaW4DCXNmDRgaYgzyJQBVox6qE16yHF9KGRSmL16fl-rfEoUJdKu83RvkoV1lRLO0vvdqV1rXDjzq7so1EP9MbfcsctEcEgCH1p3dKZoiIJCYv776pkB4d6kVS1CLuE-QdKoEGYrA1zMG1g17TdidtTy5S0T2eCTkDbLx5NrNb-vvwvG30cG9-0sA393lVy-ltqIp--vtLLJVpZRfrALv7Rhtg8QZvLz6AR2mxt_kWqY84QJJIsQDq1TJJ1U499Z69qsCNg2z_NSVAUwb2tBSAQyZaA-lCTOZ6fvhT4odCc8cRz6rjJ3u8lgxRRBUzlxchDxQTYiONOtcBrZ2yIDP6OuxezqAWLEIQNH9hNjtWro_wQfjvoQs6uyblUb56cIkokYJVKJ9TBsf18zwnisKPltYXlsuQ9Kuj3FnVUq52WTQnAEeT7meOacIEA5y2BzRXpVJ_MzU6nB0h3oPt2KRLt8MvjsNLmoNQwfF7KS0cp8TwB7r9Uy0iCQnc59298qR6V8TyphI9FBG_V2drmOPAmT0Nvy7nh_b_qno54GNZSKc4TKz2jykZVRRVPYB0AJk3lAxv1KYesElX9lKIviF3pWhFBzGQ9nVv6uFTtPRtUduXqU3iWq666-q-FRxcjjcSW4p035TkcahkFS2DvyZwD5iTxmwb_FN53fy98-IZmX4EhDDqOQ_mjdvvAk2PuXL3Pdl_huQCgVFBu-HmhxVGnuDOs2bPU1g_l-Ifvw6VGlT4qCixm701i8s_lJfETRuADN9OAeRwKDjkkGK5UCBO5j_sM2WxBzql-eujyjwBBIm0XOvNHaXQZ6OgsnRpuK7WOS_bLmMTQC90Ov61EVex4r9XuiTgZL5qgMUdJEivaoGsbYoJhexDCPr2NxfG6j6NJ6yOVpaCCrqITG-seFsqgnz81YEWUYMRxKxMxaSHBnvLKnpEBAo8SC5SMdIbbR4-5LxRrHY4XbMTP50PwaVZioekhe4yvuqvT3RtiQt8QNwHWEFm_xFPcoP9WZXOrRaCcMBHWABRvYFrSmvvjhFsFAt-8Ik9aG-mni6cwXl8VFuMaPuEJSNskvNsmBQ41iyXnUzcp6PY47ALe0YBioeF0IcpjoO93JBeeh1maOY1O2uhz2Mi70UgZSPDN_Pz1TeUdE6QWOwdJvRmTH0XV8q88TTJClV_vjeLmw45e2IGhpTws_aQChY7m-vpd-Y1FRa1BLi1bYnAauS_XKsAsgZYMGx-e2xUfWfx_asJyvQ3M_uiY3HJTaS3kKGuelBpIriLMSLCKBIB1RlPaB0DztuZaRFgejse_cR5m32JrEeUs-MzjMrRzNuDXFWQYxj7tmtupu-r4DPA0OBAqYK_vvK7tFCzA-D2RR7TAR7aQiE6iyvzXo-KSqyxzSiBFmQCLBzNjejYMSo3BQ0e_Wv3uU9yk4QnO7PgmXgwIkYkvHZN0reIBhYKcD47SSPyPMId3kYcekjVYxiwEJsse7df4QCcURlIvpMF-7WN7ayTvQktwgiHPAvi3cvJj0MwU56U9QNf-JddMsNPp1L3wgctEm_9gz5U6FLIUYI9jL_ddVWnkwBaL7WnlxsTYf_JOz6wEya1-tCsm9Y2GpKkjdIJ7UYKNNQwcZT40kGVOow8IRHz17CnvKL85xhwIRnZprt8J9yS2_LiwRFAkCa89_rKka_5aQliYiH3nS-sGTpMEquzw76I7WX-U-2FOWUMENaL6g18T9G_Db-V1NUtT4YNhE-AVJ2FXzoM3NEBOzK95rVw3ShiQpVf0vIyeLmDLrUfUIAlhPqty9r5W0FSHBPrlEQHlq7mYn7ITZ7WS_YrnXFrID6IxyCOoFF_GEUMcHzgeJ-cIeTMeUu_NkDLM_qkSrb5W3jBx2xABov-nneBwOAbrJASvYPH89ME6tsSSvlkKxwkUUQYVcqnBBLkFsOHuplBs7sIQEOxoqYrWWXjPF-JpH2RfAj2b2VFY_NDJsQnss1PF8Z42KmwSEcUU4De682VsEOhZOHDkYP7y3kfYfsM-e3HlUeK9JLRVWbPmxEfcvaoErEMByEwVthnMXTBR1h3xcg-r-W51_js7LZkZ3kbXkoZAQ0IWN_m-jKOtuIXghoZppiXedMMBMtrZpGeQuxE5pmt7mzfNs794q4WlderaXs5St7g1qatSTMCpWxC7WRC7yzzkSpCwApXDs5wMOUTHlVgxY6qsZFJTZrXm203FMLuxpPxwqG0SMxtPDF_91JBZcV4XOctm_wu0Ek82AA98lclsKwLbiP2jJ89bQQStmWp1KYlThyldEuZm7qBb3tAb9gyZWzkG7lYxF6097Xze7jjzdGozwNLHpTGO5tdVmxUJrRUBTKM22Ace_72aEbi-2OGZX9cZOLmw_YcBBZMlhjmFY7ywt8N0b2iVWH2As8u6fgoA-6UZdZMNAtAqpgGBmg-lko1CB0pHo8LJ75p5lxCsUP6mPmOIXHZ7MK2G3rwuMuBzpTfPjTJhXEZ24G1QsRfnaHGiJcslTK4XLHWj4xfoE2ABkxJ8JFowbjjY5JNtIZuGdqZTBmUnoRIPyGWLHDL-o18hxq3aZ54-UDRksrVxDhZdYR4_gAzGbf1EK69mKcSnzM1Sx9ANQreM0o_XiROtozU-XTehYrUX1cdJdirpdtIYdv4KUP-qf51XfYouAA_pmxvq8cRzStOU1ouEBn9dBsMn7DUCtQQBOkdENj981thQsScqFeyNWWYK_NzfWrWtUpSVPjWKX12-z4WxplDoheXxEPP9A73MXSQRBi5pRm1mh6Vr4Wcq1Q0XjYUGkbZh3EIUy0AgNhl4y_lU0D2oE4LhQbQpdmpfPaDt2bEbTxnwtO-NUFOXYmoxCg5dXzAYu5qqIGSooYUzssyyjmue0YPOiHUI_0Qma_b4qbDtOoD2KN7TdTMURB0n2YN_S7oBKtpsfY8t_W2Fcc4B1O1ouVjIn_KveXxgXit1wX9G4ocStvCsG5_8LpXMSgx8gnpuKzGB4ZeOMkfug37J0GcNIEoQDezjzwwhKJGHKVQDNQRwaDs84n3k1NIxwOx0R9G-SSXVMazX4VCof5XG3p_P-rqcI9eEBw0g8hUj0bRmYsGfxEl_0mOisn6o-t9TqookM2JDTZf-S6qOHYxo1c5t6ahvkcveV0_SOhch0RCmlvrC_tyw-VYCkWwotJuWfzLAlkjgkBVUFPkOq85uR9WCt0PKJVeoJbb7T5hqs4929YbaK7J7n3kQf5KTkDf0wSzUuqeZi03CWtlK-NEV7V7aY_U10qtIAbj6RUIN7yHWgxjLdVAy1OsRYo92iNjBIgjiDuOJWKg-CVWitdjA7DpuDUYg_HGjchDzA==	2026-07-09 00:38:18.701519
202	126	NO_PREVIOUS_TRIGGER	FIRST_TIME_SIMULATION	gAAAAABqTtV6sHArj5il-RL36GMbJzXIscapFZRVLZ3-wd89C3kUNonwpHYbRTxvfwapD_3QlAJ9LIw3zSAbrN-LJPjp1fiPUQ6NdrzFcMFFfkXLGMmB5i8v7XMx5Lq_vy0IThhB8s7EHadvrAfDq947tetGHcUZFjRKeQTR2W88pheXwT7BPrLjgG1bU5taKXY30MJI8oG2PnkokwXcaYyRO5YUXQgtQrgq2HKaIKFuzChRFSvxrpsVR5Jb_oRu9bhVDk4L7NUFZe-dgrc8HJVQ4lT-OwZEA5ABONhh-i_dnYpzT25q6Fb1T1sdL__8CYY-xwPz_sIz0kvqeX-6N8I3YOWRYNqrsDZDvGGaO8lfTUc3Ac-nmgK-GPIx_goNteyXbzD10Ora4tYCYZHLhNs6g8JVd6jKTHg4IBauoWuk-2JLc04TQrV5qA0CqWR63T7Wx3by2yFoW107B34Qk5wA6xFVjAMuakxlingid4CeErdHvwrkyKjeWUYsGQ1-KZNhbUgaSMgDTodOw5vxwC-GSO9vVJWiG9_krGQeOHnpfI2c8m8bPlC3LMaSChS3OAII0eCknFImCaUgCnmjzrbo4SLxBmS6JG_5X8crJeFpr_bBGVp1kZNtyTsIk_jOf66ZIbwHQeiIF_iydSoDwgtxIfO9FumcKzY-vweG7jylrM32h-HoQ7U3tAVJt4TvXPBBPj2UHp2GPcvaZIA9NAq0MfMUpgzlK5er7v7n4iJwOhQ-5L8aCMyQJtKuKYtDioW-lgFXSFZq4zHa731jasiru-GopWk254FcBr9muyF0WzOl0U3x8PCOxvpN-UlYphWyzPuS7RJpupkjorQuG8HIdEm1lXseiwDk6LBcMdtWqxMX-7x3gPJ7R7NI3W8iFzW5ETqv4Y18FDWKdQ25Q0ww6h0b5KDTpXYc-I_4wkmvF5W9hOMWB2UWMK_MzgG8Yzic2WRE1QtUl65zQsHlosKaLTFny6K4k9fmv6hio_mDB8DuxouoYj1888V0VzHNETLiawSz99JrFW2-F8_XrxBfD_KoClFWk_WzS7QkAMlUorYnUQlZWQ5zBDKatKH6HZpIADOIhKK82RaX642iOwMU01OyyGAdpLe8WezsssAwYrWYLknoDy-EvHjkZq43FjOCik9Kfi2a726omVPGIMbN8GlDM84gXVndrJzYyvDUmJPrKz353dSCRjyr4gBCeu09xUvq1j4Xsxegun9Uia0-PI_8o16dy0EYw-xviIivejFIXj2-AfhuaINu1Sv_8Krz99h0aOBlc5_O15AAh7max6iErnq8uQxf_vRKLM3-q7UdI0HbwILjDV7Z21zDlyW8wdFbU_hyS_WbSzBs3vRZIXSzQ7_ZAGzEyqvGfnozpp__b2pd13JTa5RhpDRfmlyv5OpYhtdR5V3nTHCQLXVNawyZYD-hSIcg5FiVAhjoE9_C1e1SX1MrtI0-iCAf_8_XpUmNhrEnCceqmf0XfVgdJS8piQDv-w8GP9DZBMqfRNSflOUv8hYfVqLfa51VXHxiu93sKh7pkCM0ARVe10IJMkQmaVF4hc5adfz8NCUZAQeS-5HMuYkuvi0fdzLOgJgd6nBCBMGeapF5tLK2sz1S88DbcnY1AAnvuYpdJe0d23DedH4mcv9YtUZG514JNicrXOEbjYzfjrzNBOQvHhWL1D5ytgKuRxzVY1oLhxgIYB4i4jhtI7y6eLi-eCK7Jh2_zYhfRM9KBigdWGijpzS8Z9e6Ht_EOzI4EqC2yo9YuE23RkN9hx3nOaXd2ZWs1nYbkE6bKYpIP9OQ68-PWUDbYNmh8gSGriMeTk1JJOxMi5Y7MY9Jmt6GFfQBW7pv3xqWxoYv_WdVVZ_a8Sy7McWqYP5hrXBKXnaExjPI6afctTdmf_rKgQpd2gWR7LyHv_vL45iCb97ZaewXDXZVXcCJpTbudSWAd35V8AIUp10f8ZOeUyHacjlSDropst3IqU7JctvsA_ma2GAhGgqg9sttZYt6meJMzCb1rtm3NjFe7GQaJkiqCuGHsJ7jv8IeXXbip0E-i1R1De3g6C7CbbkLnmx8ISZejMPlULnhLKyue3Hz2SQDv8wgkHJFVnjAnyF6Qbo8IQS8ozQ5TaeWV9xE5PKSfeeYu41NwXgs5dsvySH6sOq_prFlyU9j4Wk3HbEN7Fz3XjgLAHI6RDobAct6vOskRL4vsZ9pr7-YnZFRpHPsgcQ3a56HlG7EbDLNTOVFYn_AvDRj453KWSsd0kyXqBoDB_CHXLDPh0UgrWObtVbffX_NoK7-Vp-M1_y61UWf8uRrWhCrR2C1zzW0q5FLbfXQacb-qdhi3U1dztrkZ6YbwauP91WQm3cuo19xXqLXUAzbC235pfp1-HZZklxEmcTpFbkQUv2ZT6hNKNXlElw6IY1TNb9-CaNfYiUQ9EM--rW8Cm4gRovU3rIaxN-wXKcCWovRSkSrwvL1BYtXHEnZn_aIqzOtFqtD8rJmt7GChsjyEOKkSCxYFFoqzJAJoukXVbaHMMb0v9GLId9e7zguJ_qWwqjJa1Olci9MvfL8oWC9S3hItLkco5V1n4wtFsf-9zaDWVPCtXTQ4iXdB8BKWuChOLyA-W3iiheQayIjkjMLBUEvTu10axWYygzlEfUWvl3b94o1LTpY4RIQOBTL2442524jQdMD9AQT5rrF17PPRaSZr654_ec4qwTDmSPkoTg6BEc9AA67DsRlLr__as2wX-n48DzcFyUXkhuhhXMFpEOZJDm2ez1up5jSqgG76yxkzES0CESN8XZ1OOY60b74cwga07XnYBPng9sEgDfAUw4G0ih8Wl4YrnVwkc7SR4P9Z4zmZuxLDV2AaawfrKJzYOSpMv7LdWvvsxgaO5L6LeqKI2us6RVdGVFwRx2isyluuklU7NsjSITM5jEsj36h-NLiPKDuIgYXKdrNnSju6DCrXRZGFK8dc-frMnNnLIrCcUbtaPJsPOsDXjz1wgppGRcDBOUa1ZI-qZk2JMbifl4Xq2VF5q4XfO3geDH5Im8mpvfnr0K_P-FXWNSWY8m1ydsQgemZqNV3E7RKgPz8ZdYYrb-n6kJlgtIJYyrTaXjPuDz0amyntiMR-706R0_112AMybX2v2jg3-8p9VcOALPMmMf8w3pS4b_2ESgXplW-y4yUiICfrOFBPSvP8BAnXwgI0F-Z3D4yEdjUTndlQF5sTmFPa_H_fql7LjkQSSPUSOKDCemcwXsphf5Dugvxqg7zSTLnSPZyBOl2Q3NuMEV9sKbFccmURpvdYfv1KulHjsg2Nck2ao4I4B_pa3F-s4HKr4hrdgGc1Rl29uLD46T4fWzw-iNgxpmgbvEoYeyecTWQQ6XZ2iI6IA28BM2mWK3P6lWR6NC5fjQHUthLNfu0KcX6gYBUsyLzJTiO3R9VU4jHaANwcgx4ST_UIiXDOAb0eC8YzZl3gUSFoZUHwYOrMNyyEa0rWvsjeWkjz46nJ-89ru4XB9WsxiTwys7_bnNXFtXKx24qxu8gUB3eiEk1Woq4ImfyyF8mGOuG29xxFYT7o26HtWyTI8sLg61vlaVIIJaTQymaYr2DQkdaU0TRd5OSGIM3t7AMCg8T5gz2Yd_sz-y1lGH-sWA08B-Kj4xiC4Hyfpx_2gcCWM4vy8kAPvcfmfWv1UrHZoSFWiYwyTPKV1SRcH01ImIwu39njBepLgSc0I8DBzd16RdMDnMm_bYjFIQ2Ypy7U5FpScWHhl-uPKGWItHTBEtkRStOL7h2kEiBI957uLvYlNzylk4rCsCav6L91l9HQNbkJOaRakrnOMHLy4Qxluy260rfbfyes2Bh7KAtQ5FN2Cefzb08huY04A0cU3Mw6KIPL6pycxzqaE2NxqugSRsYZ0rr2vAxpBtPAVijaqekF7XeXYmj8ohUb_oIUkfS6Z_UWqE56Z0opfi0zVdNSYqLLcXGZET24PESdDD6gVBktJgp6bvjib_RZIia2NNsUmLwnVU-QrGH5hAS86JimiJ8rfgFHwCp54NkcJTwwl_GvF6IkB7UgX5OD0pcpbfreRLJKY61Hix01oWu7abfzDLDsGlJWUzJ7ZODoPRAGgBQqu-jMvpjcpogvL3_YHb-Rf5t-uNFb2mvTL_yllIYz5aztcU5P14JYSCpX70FhhvwytHWrQvNV1aYOuKxN3C6ZGRFenJ3UApDtkJUk5oFos8xNjvIneWiicnn2wjVzyytJjqCbj7tKv3UtuEXUxXf4fWN47wFOukKNBMOQDSZh9kAYwZJl_r-neLvuEATcXpVNjzfVTaOECycwk641DwRArSvx0hqyp3FMHHYLsBONU_IB3AQPxzXj6EgshBQvCl2_-Uc71-y7FmrU_9wSWQKXRSDuR7AQQ4Vaa1_52XuNF6tqLzz6IBfsgucRLfI5B_M5sugVCGDVa8w1H1ti0PPA9o_UWPm9JL1L6ofk6ccTw33BwWiKo1bjJOOnLmdY_4Ufrc9FIBAGiQMkz1GjY4D4CAiknFaMPU2lm6r4j1DjA4PGfeIG-Kn0d7wqlDZ9JVeVOaEFmk3_K1fxWUAa77xjA5d6Grpi4FXk6e9NkKcMg-g8oq42JHLH5mcRReyGGEVswrxueYK6zsdHaDtw3s0ZPdftyQd7F-5cn4ZZuZZ4ftYBPwAlrGRkEzRmcj2hDqR20TulSM-Cjk5MBYL7X8pppsVIU_n26Y93wfqi06T4lPIB6F8TOWBvURL9jH-8-WL81UP6AE2tXKPK4n_Cmzz8QQvBn7k6F8ABR7Ki07hcBbeVOLfTjs-nRfLYmCDyyuoQyoUM4uSxzDwUHxz4OMxH5UWWMbM1kqNBDqvewxwnAsEapn488H7Wezg4DDFIv6wTzwC0O8-Lza9MNQ7nHADdUiicqCTY1dyOI_oMcGO51iIDhQ5GkdYqqAiYPU37qdNMkSsSzMX1y3678svWdhnlzou09gFu4P1Pm_6QvKsBT7QWGWiJJrAC1WryF1XlEykoUm6Fm3kkzf2YRogKngxwWgvgYMjdFAp80Q27ck482qJXLmmkPgjzomyA9DCLPI9SGVGxJjBIztZvtpz9UtwryK9DOfZii67RnlcWTVoNmFifQvDtFBdON4HOYzjk2T24WgGzm8W2J7M7LzYvBrjxG_JhD7NBDtmzZ9YapoB3xnI7cBF95ZSrBzVy13myM3WmuKuL4taDtDnEzAJz-dGn8Kz_SIYWRhG_H9KZmdH7XepIxFgBByoA4UxrvvpMCPTHpUTx9Lt_vSkXv6pvzd5rV1WOZZVTrzmEG_CcLsLfTyuIUtxYZrYDglT4guUuzw4ieEZA5C72aQovDNJRQAdLUQgOc5Zos1iA8qiGyUC5Ca46KF0M4bI14jHE7FGwFsRUDPV0x3V1JOxP4LiF3R1Zi_dpnAGcO0ftA03SXcRzdLSZc4Mrkw2mZRsjkid5uxQzWsdJzuoudQwUd52sdUocp-Gor_hbmLK1a625xeafHE2azMtidTuyFdYQonxDZV4DBbwtG0Ml4f4mbHKv6qQem4D6MD5lF-1zEpb2g4mp4iepeBa0bkNpdzBhWQGkal9j6ZZRzY26Rl4gIPuOmSbY5y-zIqOGIAb94q7xmoOUHBH_rwJatfchgpYbgBC0wnLIwoxpWJN0V_645Bvq6AKNuGdH9XS0LN6PY5DZvoOhg0Lqj5eh5sCUEVDmN8nZYdTPKGRodZ9aKSdHWzx309q_1g-wFgwA2dNkRNZs7gWuVOwhH3OEd-axTXEqm72MUxEssKiRcW8FmjDukA-c0CymruXlilGUi5WKOizYkR-ubJ-Tq4w5yRMOSZ7gIbU9d2NBtHww4DgkCvixOfno6vSVNAKctxX0LKCHRdc-tMPCDavP7X345QgeKLD1fcz8DL9eoWCYaBMq9KgPYY9ScXXe-1udsgiBHxfAJNPjzwolcMQpA1vq72S16Epq8VwYVq11pxWawy85nGxkWQLrmMjcW8blPuVwBqtsnue9-zaIpeGIsV7wRET5mkbxUHaTHF_StaGvy33_KFtj_s1ZGM1RQ6_SPXqFxIpSnfQ-MFDX3WcZ8ANYvO1g0rwFkcPjFD9A14WE73n_byXVB_7HEtZkONI-WhkKZmvu0Mv8Jzqb3M6QAnrKzRgYim9IA17XQrSxBtvoV24igKkVcGis8BXQlPHYZ9NbEgjMJ3lRi7Yf08ibFevLDKA1kaqdLcGshEHYnFsEAcKy27mEADs1Jzll4d07J1JxXKKPJWRtvTosQLJQ8nstnrJlBDa0-ZxAffdNsysnO6HxE-Hci8fM8YOtVYRJq2LAPOUC_DVo9IfnDb2tlrLAYwwwCmHMnAb3jD4QLaimUra	2026-07-09 04:25:54.738864
203	127	NO_PREVIOUS_TRIGGER	FIRST_TIME_SIMULATION	gAAAAABqTtV_ks8i_mOzc1Zn2y9yhFSYakmJDm4mXoAONZI63cDdkXIpW5NPoGZA2ybXbRjBnXAX7AFX9-VAWCV4MlrNMjNfk7vdLOWOHd3F1q5-G3sCot547r_1cumwTSPTysuIHlSi4VoALosNwodk6skko1giNVXnfWkra-OjcuRT7OG9miArfUQbUdwxSraCGV4Bju-U00ESVpdVFITVNwgLtYtKyNyfD0LLsiJb6LdVDLI209S0kR0YoGQ_MhzZ-ckVFR_UX47uAp3QuOkx7zfgVIAf6sbHsTa7mexWp8lZBnX52cb5lFiubRTTk23HCv6zATugaxYZ_bI3XzFPWcFxpGpTSUvMyL1tWCPlc3QEWpKrbj6ZwxsOhLnazVXmp2ZwqSUMhDpGX0e6O_EHKadox56eA5SC_Q56cYwj3rmROg6JS_bZHQdnry3WSX7mRnf8Fb2rrH_fi8E-LoqQwtU9CmG9L4lRQf5xebliz0WWuN94INjFldQgkKMoVq1qMY-BNnOrutX70bv8CoAVSSI3B_rBHzBPy5r32V27pIoO2-AkckYdIgagECqLGb-hATjoiJVas3lmDumQvgrJ0TRZG8ZLFwr5fLq8vsfkfw9wzAaiLMnIQb_5NfUuhAY2aebeZUhRCnC80e83rp-bN9bdSTFV1DwyT9JBBorLYzU2prYVr_HApFPqN-HmYSJ5zpD_Hek1HRReuyZl3F0rpsB1mFuPu2L6Nd4IVO_tOnBYnhwpwnzoTPzLW4Pqei1gx_usaOFTv-7ZmhnAK9rZFHzOSuHGOCMWTKaem9JA1IoJ0_zooFPiPIk5prodvCeYgV43_XQ3EibS22BwYKs8LfC5fpb-66YlK0pcbqUJZzZskBEGJbcjKnPZfZDym50y7D0g0oG_8UlVdiw66hNADMmfS2AzS-3puawOQ4URm2r8-FZbpkQtX_0C9K5zPUR-w-IihUL_CQXqyc6j1Xldx0hCkhgUZH3q9hoKlR4SsNwlMhhqg1YtjDlsI9gObPczCC-u9M3unx1jg4e25bX5gU0YHbAJD7E1YmRqAa8AmeafKe1rKor1UFxfD_OnSyRe5IKh4jwXoyhR3o8xvI98EaKfSr1CC3jOJIHXgbnjHjcgZILBVxWp9M4UUu0bjN7MFxBTeUggHQc6nuRcnVgqDC7jmkzsoSCsKUxjxqtEy4__M-8pfIhzBLNr9DbV1j_a1-WMXeAw0Pi4g9UcWvEHfX0CuvO32rbhkhb-DxXRHBGXNVZDK4l4TNptLlxSwwlKB4GGGibAdYFYyMkz3e8a-MDwEXYXisZA2-koKMxef8RLLhySl7Erk_LHSJW6KUG5N_dt_GoaRS252TZ8hxxp8-h4fdV61ihjWtIo9TSphjxZSYSYDVMG5uIYcEi2DTZudPODXgfyZBoS0fYH52vXhMbAwghmAb1ym3vdsALr5g5UyXj-OjHOSsf_0SlqxT0cvle05XzXApTOC5dDXafSS8rYZokzM1IWWx_PeBdEi4y27OzGojUKM37SmQR7eQa9TqchqNv8Qj3FnFTFyUJyCdadQgydrnmgT07JRH64Ut_aZLKQRJwiAjZ1qmzee0G1yzqlP6mqs1WCFFAKgmivZfFo_o3jl_a8UrLfTQzjXxUDekchzfiXtJJ0WKQpD-qcukDBYHDCzbUL6Y2dQED15w971GPVv00g5t2cPHnzyrEvQOrSYO1i3hvi2TnpEiOajpOJ9nYhrtN61jdZ7cVzUXthnktqhuGTY0K0e4weZUAas3zIzydJdG9nFqpYGjBmaj-VgwBvtJRMnZBlsDqZDPqtB0zHtI0tdz7uHisLWm5Hs_7KCvWTF7tNB2h_i-kEwSxqbEeRo26TrZ6ulGc1I0iiL2ZW14b1eqbjwkfQcfHxvqJFRcvNPWPdHUFHEqZKjRs-HSO8CgEsSeTAir4CZojsk8seJDVwvMwXdXm30LZdsEXkoic2p267ePaQ5n97vNZoKhVY6CVwGgKApQUMy5pl0rXvvMM4WUuLNjwVJbmRmueDThS65I1NXiAEnkDwToUrCfblASOEw0ZKTbudrQf94StEbXKMSkLUiid1UZxao4pv6LfnsF9NMSF2egCftzWynKXLCFLVMPjhB77QCSnby962aWaPZ7EaHsvDgoHeT4Lsh8DwDurnJjApYYLMooBhsT9ce4CsEju_BHunOEGyk9FSlSD5v1TCRyWQ3RhIO08rVA0FDnVMjETYEOagy68t1Uovt1Re9aSqQ2OO4NotqG6RV6xtjE_-8KcQKYf-DXaWo_BkiS4DvOCnazBwbFVhk0nOJAXSl2Lt5W3EBzfM2IcCkrXm_ZDsaO0jcxpEgYRexIfg1dubfdu7bJ_FsrOirKjCd1HdVRoYcxVxmsn0G6vSIHN6DrLbFPxUr6kTnTeznUxTTiy5MlqE6eIHDRwM75D7RogQqsoCyunJincOdQIL7pWxsbgkGtUbrEa5WgvET_ynkGbbNtOv9k6U3eQ8zxOvmPmCMD-Kww9olrc0zRDYWZi4G5lmevsV1D3l_jKq43KVi-7x9sU6JGvULpMTjzva69geACl2XFcJMTIA3bF1_G6ut1NQ1QuQ8tiqV4lH6uXcUydSQYUl2vkIk6C_f7HTBidn5b4pKOyMVUxCEo3KIGlwGULYA2A1buQOveWV9HVadsuryzdGIw_iy0q2HvSIOSw-BVtT4Edx0fuWqVSZbogkiu0HYaMv_EL84OckuRm6LRcwbM9Q31kvhE8DmVcZ4UYu8-cNnJ-YK8vPxMorO6Gxpsfk2yAr3pkNCh60IDqJr8k8bTBUnB7ugt4ZmSxlyqNQrGrWt2b5yA9Zx64cpQjDKQSeY3ISjzfliOV9ZR_wsXnDiGdbcHMvBO05fT7TGFrv0VV2EI9_rROhk0S0RRlebXQ_XVpo8_tQCtVDqbEOhDNMziECBr7B3gdEM81vifp4Z0sVvZMXjaVT5WRJEpkV0UPjxlU0oJWLqT3eucT28B1gO9Fl0H2GqywPSUnIE8rC-jvdfYKBcAPtC_5MlxI7udBqJoc7W6M9vmKbN9wcNjg4QMl0AhqNcsl56htb-EJaHYOUcNjA8Z2KKiX9AEjaTGq6d48_xjwHBbK7-Ok7sv7n1xDCn8SEscuw29BD_ESacyGtC4dKuKW5e9Gc_5BGf7WvvsEngqnYUFcz8oDjN3dVdtCVtjeLRTWYtmQI-ajg2zncWN2zJdU3g5-AxoHog2kV6oYU6AEdhIwbl68cjwK8bqbnYuK0gW2s6cmDaxleonb-KAs0eJN4fKfHteuDxtZJvkZuANvtrOij8Y7LNlnFjfXDahAGXLHI8KEaEHzGS-uKAl2kKhKYg3zuBwzLpiF94R_409wXvhOSnohlKzsrPdMmj0TlsP-o8VAzRtFjs4pCKFxnBC6JN7-2QPe-p3MGeUmFrlSruIlqc4bJb4TzpJFdgveqk3iwEJaBsFHXGc2ftom4wz04XnRbtGmQXTgphnvvdcQHHrCfbVJOrbSc-ny5u9JMlTepx3FGdDJVwBUZdMcBXL8czjxlCpyDoLpSFv5ERXl6iHoGCDs2zzqAjZnJHV2ggFZ5mFMudV_vyBSE7M0NHckSNjbEmY-ZEAYeieKyFx-8lxCveIaXzLBKIWOmk-elcRRY9rxJoUpU0c0Tvl7jMMXu5xvIUq2aFVS5FnW2fr5S2_IZ91O9oSijdPSfxokYtNxLYtPTrlyBDIB6oQ-Ve-oAvccz_UQfnVQVb8WqmXBBsaBGV7NAgODnWiqy3c4QD7mbJoWd3CFMPpaQiJUp8PhE223xMh4YnBfronMCCQDN0zGiXSSr2wbz48uTu_dhUsnYrYYnWp_hSjORNUDHRInq53vORa2hbbCH5rvH8h8ZpKXTDlcVL2KbsNksa4ytxaDJNbGIx1G3GoWK_OVWs079R5ymWUoLJHTdtWpVE4qkKFYMSZQ-bPB1KSp7E7IIyPHYQ28jleUFZsrWb5Qy6_kK2nSoQc5h6O_jD0pAvT-_uWD5N4mn6bu7Cj8wyMw-h_rrUSmbRlmf6f76Wodyp-PWuI7iMvm-iiDYX2BI_gOVV-KtHqiA2v4UBFX5gphuJBkuMUtduvq10O6zXg0_hue3tbwcpPC87Yy-bVhHnw_JsfdWrsKqYflJFHD3YquoweY3KlnzQZJyrLqX-7h9f4MsRufHdhxIcrP37RlaiwB-k1N7sNT9ANqafPOeHv3SEhD1jmEPD-_5BAaFZ96Ynxl2Dhhsueo_J7SN5J3IaqgVKSUEPRzgHCF-7fVRe8Z7CEgHI9kgXTgW1DP-vN9aAQcsjB17QJhFsU--L4H1MsD-R0esgDV81F8tWp8zmGgMqgFFEEn9GeuKan-yOCPPLkK2abyHp6BER5pfQri5wYX2QO4KYECq746ELVjrn7AHtZpe8Enr2CV6MOtzxGhY3xxOGr2Vsjw7ZDTftctS0kFeR5cYPFU8x5VhxLgof8-gPmb38GxdgR3nZ7-tIG5QBm-hucrkL1TZm-9LpL5z7WsH_zyDebmgRSCIho8y0dzUR6cYla8s9RPA-6ymFYdCMSN5xnpep6rS-fUS8k0gT5YdpyLjKb4W5W28aExsi_1n1iy2orOs_h0uCT2GVA3KUC8qZE_NpYqIbyxqJEJUH_pK7X1h4w7xy4Z61h55cguPz65Z3sQyR_b8ga6hlYwrFA217RGzDEv_cELRulY1KitJ3-QqRMmYZzTA085KBB6Fe5cj4qftju1hzox77_VBOYWwIsK5A4FizsqYZfyiFKqACevU82O6WZao1BK01-oSSIS_o7_33a7JBU2gIKLxI-7eRTsMKgURo7B6TiOtdhie-6-Zdl6nqjTVQ_M4M8w79l_S-jEIyJ4DgXO8We0sEnoVFblPuZZedym6CQ3ULu6Bbf6igxuC3h_v3_Zjb43DZJZdrk0CGszhgHM7VAHD9_rg8BF_huhwmCzq4JzARob2jOwRNPIHlECxH6uXum4ox3ZkQe5JdqzuGo79Weci1HIN4UFhTt8rNuMktXnwf1o-ZNfPRgr7ll8Pk_pZ8ezr4ZtBK1IpHPDMayZtvF-1I4TaZvY6qWsPvstntJDLQNAkTAsg9u_7C8AaYNjijPlxuOkvmb-q-tmWcOuFWuYanWtf_MIsJpBJw17UeBYr1sn01nUY8_Bk7dOm7oPi6E3KZyEF9xQG57c6IdQGDdWJ6lBjMtn0NT50d3floIL5PbShn3WfU6Ct8ONA9MJx3FRlVhRPXyxuRypSNjV3siUc4vT_5PvokJhycbZi7qANltZUDhjHtQN2NiOYS_fpdVOAZaBavGgkiVv0B138sgzWtHIH41gHwuBxZgIbXGfCCSNmfVmtODfFBmMuzbGxmJ0IPwTNByieTC2C5mTLi2EDmyRHVzdLf9TXcm__OZdpVTfFB_xFFkqqOproAo6wAjAVbafvwP5j	2026-07-09 04:25:59.662846
204	125	NO_PREVIOUS_TRIGGER	FIRST_TIME_SIMULATION	gAAAAABqTtWBbohJ_xUWEpkoF1eeETojyuGas2Wl9jbpnhNexkYPPvILn5awy_sT72cxjecZ5iVg0HlzEdyhiqeqtOLnU4k1miuDhpuuc2ShFroSGDHopGIcB3tJmZGVJ5pgbmr9rS5SorRujgoOUhkI9lgIj-AptmWWa-DKgh1i11p_J8ehcPAR2qfTfoi3pfSWOAwvGM8UcebRMgXtgHKRKCRQwX97qowU5B_fTdCJqGTvgaznku61jksPQ7v02RINY92Q8wKvbxD3fM3j6n3cyXnKcRgvszDzfsaq-eK9xbohhm7wkvH-SEqAJk-jqw8uVD-Aaj5Ace4zRy6ojDckmecPFBIv4jr0ADj2JK7wUtgLETSDihrRH-vCko72zB8gnLBQwN5mM0FgKFmlkASiOBN6BQsYkyoMR_wbUX2y9L6eHQ_wtG4HCklgI2N-0vk1mjNDVVcX9XLRoBvGB7YWvwhmqWCcDVwL-4W3_1nWY66D6PVhtX26-1HA-Hq_YcmEtoD_Q2EV5X_k4BLM4wXCKnEfUoVP_iFfGjNeH7bkE_jVbXVFxO9P8l6-vn22W2kmh2pPs-UFS2GzPUuRqf3GOXJhE8-G27qs0p6vOB3R4tEZ6ii2ybDFAIyXzChXv_Do3agxmOzOOco-7FarhvI1I-aigje1PiMwSVJ-sFfXPxu6Ron3jsceakcgTPs5SaK11ZgmXpfd693ITeLVkZ7_JaB9wLGsm1ZVnbU2aVe0cGWDTg5tG9afE0gLTMDChVVt7q8p-kr3N6KVJQWsE2gZUGURFIU86Tcirieseb9RFSxy6Y2mSllAsk9OS6gslxQ0bbV6VnMdDvnqBFHgqZ6rkCuMo-xP43HaBAzaRKXjaLPzgx56ofFKfkZYQjpK6SL6tuvS3YpLDwX2ILdB7OJOnz2S6zwDvf22DehtfRluufkd_5FBGo_P2RBzuK5eHD76HoWiVovXEeVLA2zPy6-Gg0ddhJKMtk-vXm4J_WWERLvsvvPANC-hZaW9ZYA3wOB-rQjsj7cQumZzd7Tw_vA3Wfh86PVhtQGha6JkN59jB0yI4TIhLSFNyC_d5rRqqfMp6mtTiEyiH_sWalq-8Dlv2HAxVXR8-alTF6cAv8NQer3XS58NpbmjgmZ4_7dfYgXon7bC5IxallslLPdtnJZxFtnmEyOx2xhX2i7oeWk-Y6q0xLaYlQkpM8gAc6SGh1vzhCFayKJlNyurwP31ZNb5CtJvuOybM5RNkxi_UEZeJGMydDVIQUxdFLcL1qT8BZTN5kTZMe2BFJAPG-In1IRtI69VqENvkqgURM7bX1xu_Ki33huiPdirfFS4G97PB4u6UT121mltY9KIik05uqRRBXg33u-5mvXhKEWzOYJjSVDA8K6dNTxrx1BBR0tZhkIC6_MQk9J3SYwyPHHZ0puXMHVWYSAl0bTsHKvUjHPlD6zhMdSXFbVUVhbMX3zsk3yEZ1eKQeoHUXDGunKiy6gBEfNVNBC7nWX-1sHAHpOgZlz_wt9Tp8VhRJMwysd7GvDYee_pqPGXSnOy2xHnxci19n7Ogb058ZS6hdr3m4gK29zwR_Qf07A1K_c-eoopKn4vvdFoZuSqlitDtEHlPkma_jsLEWh0Pm7fkaGHs6WjfN-yrUptSVo9s1PJEESKIxJHxWO1VwcO-57ghkqdXmfbOiLuRLTTI2kmb24jOA-rMw2gaxRBOKhX8FakGeext6H1yDj3r7HTWpPEz1KCUzGa7lflSwGK9KuZgknqrQJvv_qXphT2Kw_oc-m7My3sMkvev0rzKtmf7NPD9IfVELktXikjlb7ZrfpGoA6eMCcwLGW_320Q7STgZbTfUobBEK0nD-u0RXbyP9-GgpvYQuIXppi5mYEZLF_eBpqcg1IG5nwL74Srs7WBjSYn28KPtFYXMhPZ92-RIcuu2mhxizlgbMuK_e6hpZDxhEB6EPWroRcOVZv_L-MWwQdVdqvOTNkyzAvanqXx9N6SF6wZJJ2VS3puwtT40i850HFNnovssS8x1jc2RFO5zgP9M0bW8FwB1VeINdLBF4cuwSEndUrQ3LvGr5aJa_WDKfiFWseAaLOX928rcPJBcw--RGsnnyttHYZoHgRkW-y8Oqd2pZO_3A-RrUrf7eXau_j4DpbRsR8E0Icgt8mwAVzFFa4czBb2v9Te73f62a4dtxZL0aDwQpI5rqacWFz1ex3Q4DP9dApLh9MwxoReLSoNWA6GmHyMEPw-qVWEAga1vc9B2cfzVef2hRQ8-dBl9AA5vWLkfEaZ25jKTUkWg0tKNX1UD5eVZvjESh3ePhuip5qaRbacPGzy46t9LW7qpl9GCguHkD_-0rwVPRv_lm0gDpIe3Z1uylDmSVp5kjaFTVY6JNC4M-l0z9g5YwwqM64NzcYy0blE53P2U1CkRP23HEc7FZpjPDKmkjPw_InMNUvEHkIJFtpE_JY8CT3W9jnwJmNgJKdLP_lrUP34kr2Ghx6R_bQ04yEQgfBrPiT8eam5tW6QF-vtRm7jt2rVV0_GQHo-vWxpB0Qu3yqblg8Y7aCIroF7NUk1BSZUACzZKTbMZh_MMCK6mAVbaS_OW0rl1N0z6b8PUPMCWs6hULLaCb_4zfnCzrH7ttkoD2iNvZWfr4IMqW_7-G7YiGHjR6ysSNUhdLIDBQaRm3rNKOKtWSdLpML_ndIAKdPgVu3W7CpopweCV9_3jUbOsD2FfMAPOXUB5ZfxJHTou9nL4XeUOR3Xh6mTP9VGLQJ9xpNvI_GwGfjr3fXw-WHVLidSNfQVRJgFZTuQa1xIS042Zoi5G9VffYq8gHd9KyFPO4ZyizxMSGJpQZcKE6-F-QeChzltAvNEwpQt_JYqjVU00Q_mCyB1KpLcx1BT3tSr9zYdeNIvjve6jmv9TUjru2NiZHVqr1j-MJt9xpilxQZP_T-koKKf27h9DBAEEmxVJ21UYx8jzE9HRBC8wQ1Q3_qPB8z9pMpOLLHBXbLy49AW0_vp4Oq_r8EEiJ9nb1QoX8-O_SMmhr-0ngORFPb74LzyvmxOYWW-PFOpO3JuAr2-9KYPI4GBMDP2vkgrVk9u_ClwWKdG0lW-xV8yqtMbdHtZGgEKbaPIiMuWdulkPD1sL_uJcgj0cA5sGdJxXw2nduANEh9unvdWWFu7ZDdviCMD2OAiMW5pp2tJ3-ARhjDArOPFjMpS2UNrk1KjFxyN6lzxGFmhVjreU9L9xt71JbmygutpdOAkMyOuM60HoL08R47imhj_GDiHV1SytHqbv1_kzNCLNVOVyKe1YjRsHtFZHDFma-v5mroNaB8eHpW3K9wK1EGFkUATyIw7saKSKp16ILIahMwJUHJFAGybarRAa8XPx-AbaiWH1-Ti-2QsyUBmgqsy5TCd0Sgg8ekoHmPlppAZe8V05sfqUAJzW5izRmzuueTKIUUDeycFdiLZI3ZC03eX5yI2Wia59p61sfJALbmYIBJV58mt4jcijDTjY05BKEExWAyoiGqhETH8i4rtZ9-Tb2HpZBkCBR-hV1deQQqzcmVpQIwmvachkGpuiwZv3tmnyFf_RZacUSZR1gGH_ymziGn7wknW9lAhgEkLekbd_RV7c1Iyzqyye168rhFbO_bueVgL4HwWsFeZKy9LvqY3EkgC-easTKZoebSycrx-EV6eCEq5fGJjoSLYVCqtm64fnJz8kLkPcdgMuUfNcHXDoVtj2qYCSPkW7gvRdI6gCMEDAh_cDNAUTNq42Q5TgFmpvevLV5PpGWpyVr1GYM8_MDfCPf_UROGXH-758vYPKhthSElF_lPqTiM40C6b1hgUc_GM4PAxNQAYbyabL2GtuGDtnW8y8kunkig0G81lk5m0WUsL_4mVs62E5S8M2kym0cAQKp3FZGUztCMJmgRzfKOemTGFQ5s6UvVtI_vqyrzFWxn1-4MoQGPbH049KXgGf6R-lg9s4LfzsauApAQQAbz03qMP3Yud-zIgXM_YF1cAQlaz3e0vT814wwNZAt6FKOLG2GLx0hmfQK2Ys2hxEcrDE6CO0S8I8Pb2ZtKjvNuhUEdcLo7zTGv3XFZDqkYcrzf7yPI_g0VHHOvQZpX6IZPKv6Xf0vQulx4JTEvIcmVmgWP2iowmCXGmP5loK2alL4JEsZn8eBpsKKGmwYt5X4J37EUjvwH_7hoS9bttr1TK30j02Rfh4doAVoVok7_B86mYyjY3qHYTyUZ1y9yhqYdYpozOj1MRtYscaGCQ4bUpDdze6VySM2o-wVWVZMgtbE1d2MkBM5DryAJAbwCqe6C-4qoxK0bjl5KwicV_6-oNg8OBGDQSqufbf4SgPoaRDDBIAdV-k2203Be2MzPncID94Squb6qCKzLREUUwicEP_wFXzc_WWa_yRVdedgaUiPb2p9_7jC2ig3gg0UhwUvbmHF7MuF3Of44GprM_Rqb-l5I144QQv46kPS9CU7eWvS6xEkdtrnBHUcBnCQOt7yHIARD4qkhzp_NRYVgKPcsPBNjBcPsriunFMGCNZCvCoharjtjfvwu7P77_1EO_bIrMtqlUT2KXOAPpEaNC2K1YPQ8CjmuIycdcjJr8kRBn9POvqgqiri5er_Rcc72HyvOz2RuNJJT_KXSWidvqxW3LY8rpZMEdJbpZNOa3ksXk1owjvH6iZiskJL5IT9Tw2H9eYg00wmMzEDg15Ev8qfIdF_eNAry1_Muv6y8wbd57x9JMP2nDuQHYDnTWQOa4knzMa87Y_cA0aKHFM8_ZFT0wb3wE5Z7b07PUmRxy2EtMeyDbIgpBa4i38ewoKWe7gY3ug1n-mPK3CZLrUE9wRuznk_4J98kHQiY9UbIRIkm4_l4sAnnCjA3RiefbPKLL_rJQUAGJV69sHMLMaQgV-8pQ-XcerUt84i98sAU_ZcxINS62xFRNgOCdRdUHBNJEaA-kmvDBRAuToPb3OJB-YvIeo03O2tD8mRGzoxZT_6ko2iJJZjYBw54wiY4m8HmsXyBS3eS2fM4DjDeN86Hd3Oo1bFkqq7taF6E7PS8-MSGxm6LX66WuLnwbVDC4oxt9N2A-hZRy0D4wy9C7KaMk4JMqdp53QMz-ZdC_eNi2h4sbxHhGp54Db_LBGsOx9c0H8c5DaD240O3MPMhifgC0iFpitM0H7rgy1cthAmzFNnlPbHo7oU01Gl2InF-xbRPDf8cGgiJtXSGRGppqy_DQmBJMbDDrQipfdlsFkus8MOkWF3YMqJEHkYaX9mG5Dg6VeOH3DNfQN8g66Z9Ulx6eyORnrn5KQbQZFAU388jkpL_Tzww1GfRiuB9ooA8_3tx9dwTP-6rFdVa_Hg4hnPT1CHZslUYEmY0KB72zlKbg7D4TMqo5CCkr6bL42OuVGGySmffvq-_uLcQmf78ZdizsxNagwIbRjmjZAjE9br0sM0Rt0pqYdOnCiYc5iYakT4Hav6rxfVxp91zp13j1oy-68BKHLEqPO8s8c9hL9O95-G8FdDsRGqsgkrZKsB0COJ7O3ZAc_vchRxXF54J4hRl4wSmwLH73B8CJ1jETug6dSZ_sWBStdM3m4e2CVT_sFbHp_oHK9nt8BeRVh35pnWtdy2ha0o5gmC9R7SWuPps_ze4u2WS-1-xJLKjXGFujeI_mAyjQ5nW7hM2Q5Ojmk6bHfcodMrFoXq-WTAe6LwhkPDwG6BRlCrmgyiY61sjK4C2GgFV31W2kg3KwHJIJUDMFPrMB7_2SndqeB8zE2Fbqn0UgD6VPrBi2QifbkSxRlw_CqG98B-fYu-k11OBfjV2_1KjMZsNIdNwHgmhRcBIfN27Wb9z1cyrJl7QanzG2Gig9Ql-daQihwURg8swcgP_ZhM_pYPGsHT1fzbD7HLN6_SG5bO4BGvFgNEBMQvl8d1PX-bOllMZeBleV9UyraJ5sQ945FO1bxbSSIFBMEIuQkmvQoUpWiePTqeD15Zcf1HxS74x8PasJiWcaD63ApYX0ow0PX7hQBVXcbhq_EGWv3vpHqHftdiTfmN2rnHHM2NgUngXka1ZYpvKLM42olzynFYaM_6DFrw8Yi1HjQdHBH0PkvklXIYlNhW4KV1Fi_HJ72whGyEWXtWDuTPXROiBQ60H-Vb3u_kIxaxDGGavQKudh43MuO354Tyv8-0tgZBhCvGMBF6Tfv1YZvlRZh_eAEOGxi5wOM0tOLCPwtQSLFFmkv9G2oR-bFHTATzLzVNXMYOzeYizOoogYgHcHT8LI6foNcdz0wRVYchH4rbFhGcV_KstXNXDlfLVN-RVv-r8_av8zW6f21MqZpBMlznV5PXZq98bxqaO57a_6ygXQ-R1_7cQ7XLmI6QH2XXB6rlMD96Ks8wJGRjv7--ySCtWQA8cLXLf_EeK90zpbVaEGAfowmkPSKqVGA4ew39OeGKHluOyY9_JdLqLuAsWPW4HyE-V4W1-FMvXvpvWR3YWIm1rEhm-2gq60lPeelfDxX8UKrWxnguD1BDbzYkKuIGFCWduar-Ntik7l3g==	2026-07-09 04:26:01.742885
205	128	NO_PREVIOUS_TRIGGER	FIRST_TIME_SIMULATION	gAAAAABqTtWEHuK5D-1FTS2CDpR2I6fvPPSbLo-rTCa_m0iQg3sFPx05ifzDzqR6Dbq-vtW1GqOktx7m0pt_tZBcMsvhPUESK_eOA2MFBBaN1kekKsI4s_PPndIBklxnG-yYZS7WOYn20eizyzjWdaWNjXhrEsFNTcWvsy9hNJH7Im3m8vXYAKch3Jt8oCORihz351P9l3nBEutPmhlBStECblaYKyV7Z86zjBlL4ErjF9FJRNVr7jBBSN6yCLhmTSBd0Hxee6U2WShSARJpJMI-Svyvh6Aunk_GbLHdwIeD1qQdsT0AcLgwFAmA70HTR-rHPbW-o_N9GYWxeJ7NJmmWKsxjiQoD4f79FGcxvCV5YlE2KORoA_8zTz9p3Ms8diKxRFmQxEeIIhgFDd1uPfTe-uX0v8zgzjzBva8c7rEHOr0nbsvK6fbnJbm4Au0uZ9Mv9J8Z3202Ya6WP9-Q4gtqUcp1esC4jNvHxNIHfvl2zdDoITFIC3MGHTWwordQf0z-TmTlMnaR2YN_90Qz652jPS97TC2AQ7YupghXSiiJjzpJQrcf_ngDPDuLlNygntAaDHQLwW_vw3tntdQCverDaHU6uUNS3lq-WYl4hVw4_qATHXhxx69NxF6bWBTBMjZ16lv_aTFzfRtzEoUT10kC-H-jZ2g-a0iBO4FwplgzUAbGYBl_tdI-HKREnh0deSv8E_BAAJbrr9k3oj6TGMsXmkaOX-CdeWoaq8fsx5GXwO72cn10m0ct8KcoO6i0hZIuGVpEOfEk2GIr-COp4EsyXqkKV1SaE_8IQ1F7fk9PSX0FPvtcRKYrjcsz7TMulXZI1tjZTSrPx6EKXFmS0npr22963iiIrd90oytg2D6ahq6Lu1-Bksk7igcZWwEk9NW_F54F8p8CyCcmbwfebWhbUF8dGf3JQDWucq_D3lCelg5ERlWr8qjaexCJLRI82kMtdVHIljM5o6Ayv7qxMt1htK1-2xOBeY7jKQm99lsPnrR4RqliRHxKB9jYG9GJUQZ8cWzYUl1VrJKAeKdVhIbcD9GO3wGzylBwnyfarIcXCAvN5OpdxiG8mht27SSbveSAnNfzAjlkZEQfSwSFqtfbZG0Nk6qNuOu6Gelqsg4cybhYToTXSyo5w_4QLPjBNm_Xx_I66yRts4hd_kdkVXhU1faKXC4PgNEkiGDDs24k-MmffgKIwCdCeWxiv-jbZzY8dg84zpsqtLNIoHS31y5dGF2Eku4_UzEvxf7EEIkPZmtx8iwoTk8XLyax0Qt2FnJD2vYjauku-YLMPTqEFULVZs6cWAUYynQwTdeyXRqlLn5GAhsq_xaN0XokslsjZ1mg3-WGRhk0SE9JBywi2p0hYcXryIEmUPHzVFkkxqKptBKIDqASlH0eirtWm_vtlhGnwtF3GqrqVnthUbH8Fn0qnbdqDMZXqeNYdgS0dUzCCEqYTRTRloWqwTcpQX8WRBUOmjl9Ts8-JXRLsT-B8-DkmHq-Q6mEIKQDiQlxd4rK3YRYWtIaV9T9lrLF_n327eIfOdKCWtI6yqs7K0314CFtwsB40TdBwVhjJ9gKgJ4ji0f_ojxvLTU-oxjNSM90IB9SYLV3hUStCygxmXqMvw-DT8GyeVBdZDeI-fzO8DHfNxqmMFiideOAoOguxtFSGp9jHlJrmi_Kzs_zdPpsjeDkPh-VNGjIy6ENtwEvSsanLxV8sm3AFBdoFdBz2D0kf4F058gQErtxWxhmkRzwQrsxzGsg2GZkkFf9sttuyjztJW48cXiy0891nIeyzDDivSsKXp4dATdIjhZuGBsh2uy2WFRfe6SVmulshCSduSyKvRpqgPJEvYWXo1J89SMIudgrGipLektvCVRCpOtcEBrVBWGU4MU4nlLOiznnGPxbhY5Erchzvj5bvgEHazA3ykPX2MUvsP4wlmKzPaK17l-gJhe0ZPbkhUU5TWYF6p4KrDBPbweTq7coQVMH2PVeYhs69HszPfYId93J02dIsnPJHDra64qwbXCKcL_OXb_3-S739Xl_iPOGFcPaED0r5Nxmri6dr4LFS3vSgEL6AkxjSO8Dx38r_oOBwoZ5r3zgElYQkVaYP5zsG1EQA9rUgNrz9nAMkKub8OycJc9ZSAaFrcvf6T5cE5rxMuIFRptWoZAK7Yi5kmSm8_ZugZShbwY43MpCVkR6_S737YzxOslOgnUuSDo8eoSFDnSluAuLCt9SOKICPiHgcNBBitohktJuNbMZZcvoLJJ5BxFKQeIUqPCohtA6jEQDJiUeyGUwuOHfizbY6vzxaBdlWde1PHRVk8sNNvHQkjwyTguaVTEdFjN2_eFSETk6pI-G94xUe6WT8_4Q4IyJgbU7pApgyw8HxUZW8ysFGBctIkzLb6Ybh3O48N0O07UTb7dAAswgzI77BjOylyelQdlJSJ4QHtazniH367nS9fWKfL_3QoSb8NJP2RC1amhnxnO96zbzsEbpiryJgyL-ELKsMhSo3J7XfR3V2TvFP7P5aCM9l0Sz4A4dLvwgtX8Xi5LyHLIlM3AYpnBzKPyelzE-P3JRkJxSnBbd86T6rwcTpDtDck2Xllaa9S0ouQD0hlUJebEXn2uyFqWSc5K0bLExBKyBlU7prpTKL0dDUGa0I0kLDP4-FGaiuV-pnm5yQMff14KCCYbirCrHcI67LwbnVp59pBKAOKExVObKZNRno2yIIOUdWXiEKQ4VHnSoQSKp0U6PnXiod91gFRKS4sImgGRg2DBWQfhKENFgGEeYYLMs7ivbTqCZvAg3yL3TlDBwRzgaiQm4BW6aI_E8AQoivXUhKw4cpGu936v3OoTdeoT1LR4eHtdwUKjiRz2qv9mI5t2-bkq7S6zF2oVKM5hzSsWN7jn2JicsVjc9C0YLstC8etwMLLzLd-oI-qas2Q3MTC8y_Y3m9kc8KUXvMLHUX2TMRlTKtRaL6lITHGq-WsnMwXGAiNZWBYJhBdIz54d4SMndjdaj_GH8Q4Wv19X48doxaQOyt0wYhiUeKL57dqvaBGbIBX43eKiopIeCsKXQ49HUZ6nHaxyz1hpz0Y1rB1ZWTFgPQGj14fnPVcyMiBZArTh-411j8bWMuB4MNeKVf1OWXU68QIFtbaIQFffDnYi3QNAfEMDN-njnyardUm0QmkOXZn3R3GFIvaG9_s7g8heKF5_v0PhpXA6EpDmPvWSq9MfFs2lOMOH_lxLal7iydcM7q2Fm__KNdacr1m-HmnXETdTwyoyLHF4FfYvQlN18Ae3DmkQZjF1Nlrty2BMRssx6TFUC-G0yVmcXkBhvROAF7Qlr2zBIiUNzy5mfxXr4HHGdO6uLi5O1OH1_DFnfn_bak2vM68DDrbIA_fenestg7MfTJoIhYo7rgZfH_JL3F5IBccLY6wNSD-MT3mWtXLrgpkA-NSR3mMJOM9GPoltBwqRIxmCHoehBljIn0V9BlHw73eg88il0xwkc2SKM-zSBDawjo5bsSIhkgozTOmT8wTw5s9neNtPiajv58DvLjhOm9Qc1YZTohNbFw33L5jyw91GEPUK21fFha-9SOXk_T4Y357e169ryf7o7mYzqa2wh1erDmxQY1oQis789WSVhJX_fvZUTV_4Ya3_Hjv4ZemnNghNgGco7xyWZ670iy9H5DMoGejsOJhlSja2VOO1FM3hDOgM27Yge3_kYMjmyQfdd6vU7M4zRgLAayUOkSImzcx2_gP-ZjwY6iB4nYs9PBOyZM-SB8tB5WsU8Lni1gbqbWBIpAWtNAUlOENk-V1CzfJV9fY-bPPbTLwDeG6cYoIfL69euqKdUNrYhBDf91uQC6QtPDwhBcQt5YxubI3znxrJUoLha2BdLgikmbujTI0JkIgkxXMNIDvs87GoCTt5e1aE0az_tq6yrWtuSWpCGSHhKS9U0WF2CoZPSpchmT6VkJQjh7fujg7cqJ0r6MWX10-OuHAOdTeZGzfEisLpUZOU2M6YRe3lkwNqFRI8UHW0JDwQWiM1fi30hJFwYKkFgiI0wvQAvG5GIiHo-sCpWck5TRVRem7fuMXypYwWd7BBrFTJOFAZwbetV4382vMzc7RrqNczg_1TvMrn8YO1JGqVlpqV-6v3ZfrV-angAdU9uDR1sHNSmUSpKgk0JkUyG4cVA8gBFLUrAWBWQCqrVutFwI_23pje5nxJ8ZSpVPKZbeFZxsSpvEuUHEcOq2N40hLPm55CcfbrRLBSkXsueIn5wykG9aChHuvQmDNf3B1KdsCBA-RO03pHTG4bi53VJfjz9xHNXG9Lg3Dd6lDz0HnypxV40a833fRr856zcg3xmgMc4RlFLXCrNPobxdr4TC-QfXJZG6N6esHfcdFeN0QeECSvOSKhZkKHpFkaWEJqj49KAmSFulESfuJUcBX1IJwEYxk7B3a--ucTU9khCfdH9yZHPnjqXkbu9zoURJVQw5upYjgW9X0UPCn4rqSTR-dX3JVt7nUfmnquDtBrDvKT-2uDGm6P1w21nJJNNp3Wk8eB4BRYAS58X6n9OYZpkhsKV65IFzSU4fuxbMKNWGTBwHPo4Bq09tLzrHkvnP_cmWEqheps9dTJpOfT2srlSyrYwjUHmXEVNf3fYLnqcB8QEAkbmOnAepwc0vuhUSEjdFKbGsKEIB04d1jjvRFgHVpdNhkUsV1lBt9B0ly7v9Mtc73vyLhPi6Y11r0hqamnf7BEt9CqbY9091te-etl1s14vI8NbmdRB2GQWtFcbbpO8aaoOILleJySJOSbM9P9i97Ky832ovnuWvXO6lQcs_zB-24-MTwOFxVfmcAyGodRzfJRAc5n1v-W2J0XcdbdQjOlXoVRTzzqkXKFtt0CWnj45PbsDOgsiHrD3FsBMKVK93BC5slfEeT8Zczy-kH2mhhSM0QpPqlgOKKMO2006p6X1-L15Fl18jPhqx7eY8X5q6o5A7ntgfGjKoqlDOnWhU09vNC0jVKa0W7WcG4hQr7lHecdk5Kj_YMcq4vjNPPsohhP2fOhgKlovsQ1BsT2rP5t2wLdnzWjY_f8nwH_3pn8Poun1I24OLum_Ey28i9SWCs7_vjKbpdr0ddqNnueyR9e5RzBQMg0hiIvOjslQkUYxKYPh9LXLJdqMBpcFAl5GktcZhFjVFWO-TFtj25tacZySxJbJT5T2CWhz35PgxHIaGw6jSTa2GASqKSndqySDQU35VqQIYGGpqWBdiYd0jTzosIr9nqQ41WjaJhc90hSYA-5SGJsUnVSxmRb3Ljpa2nra1-CT4Z00RDkeNjE_OXanhH0kFPE-_Sx_JqgvLZv97JM=	2026-07-09 04:26:04.753905
206	129	NO_PREVIOUS_TRIGGER	FIRST_TIME_SIMULATION	gAAAAABqTtWsdNWmfLcb9IWE1hsOE8BUKIrwWCQiaSYwBG6hRE8pxb1df-LVO6smKPtgM980G0m89iXRVyBLjE8P4zLQSoKXjiIDePj_MLNA6e_zhiwdHzLObEwkRDgKOEW7KdRavR16QvI7IOXJ526zWwVjUVj5eYeXeg2bdz4VVtAX9AjpTIthMNo7lvkkD9D_wgxmyDunI_ykwttT0Tz1-ebHEOJIZYiKdrtKx1iVIRDC6XQDFALGywSYiQCcCn0Rw0EhsDIzRmkbpUgBx1tYplFdNysPnoQZ3Sv2b6cl2CJLR8vX7h6ynyVK-bnM7qv9-hoGvBInU7viwXfptMde6NCsiHYoHx5whsJg2qVWQcIDxU1UFJyD2j8YdJvPaW9zRw7tMIYA7rnSELJ2NEVZijfW8q361quyaqg9P1pu4B9PO9RuucN5aj-WauS9H7V-Tah_5bB4zqwESl8-aMg8SnAzrLOVvW-rXGUFCvS93hXuTakpa_y7LtYuxi_jk7403cf-S-QcFjvwa5jymTf5MzMgKzup4Y9ekDx72AwW1B9mj911LvDJD39RDTmrxLPgfzECJtrYHIs8Qe0EK0UDBUmOsgOS0Wx4iADN8aC_Z6KLCJi3IWpmbBfJT9u2dwp4mROWLadm3fucfR2quMHyb5ZWRYClGfmsBh2CI2mf58q5i0mVCVtOl8UF_J89sDBBesOaIhO32GBE1jpQYHsBEa1iktTc9oaHpDszSn-PVWvF8e27qjgAaS9oFmJrdGTrkW5JaSvQ_NPtEJBNksWn6KeTMNcvJC3LNrU0xdylo8wlvxVo30DdsbyqSL5zIWU0jvtvgdm2iYdud5MMxTRE2KjNizZ_Dh3gkme8ak8jLU-jMyXHit-1XYkjQemlp7San_HzcFmxo8p_zvCsiaoPo1JBvyJ_SF-YqzeT7f680mpdV6-Z2p02kNsDKtt2ChR0bjuOeQTOhhsfLWUdSL9l33jORDYNOUmR7QSYHMuBYm2gxeHjRsm2Z7ojk1yKY10rkp8kVrr96DXgdOztNsXtlTiYAtzuRI1UuqVXgLsoO-9187gx67zEhQDxRrHCjvbJe2mY2UCAhYbkslZj9TrS9E_ARaj9plQDUVnNtpBnZ-c5kV1_91x9s9v5Mmp-dR4Fauaf4QOGbAwl33fTdLMcXMbWZHFKmQo_hSxgzxVF0d8W-UnelFqJpWNg8EzSZq1yjRfUpuEOZ45kgDXhdl9F7aIs6dqqMcWgD5YR5Hg9HF4DdcX0CFQr73brz73s2qM19kQLY_bT_Xx7A8aDXvkrWLCROQid2pNukwMQOFpdwj6Vlb1rO9ZhOseO9Sr7Xnm2tdeJhyI5_FPkM6axuGrcV2eP5E64BIlb48BK8xovOkBmhsV-P7wwDS0JdTAsxdwpdlaoYpXmtX7tvJGxH6MFblIBVoO8OGNjjnTtQhhz0xP8PM-6vGV3HK6DPE0zBtctU-Y6Pq8h4o55_P7mRm2gMxyi00Ux3AOq0Gv3zTu9LkbfxxC2hHIJ1-PnCVKwol8qGNjCYrex0b1Emy2H3awvuG98qj18IKE3zRtlUhMYqm-_0yxZP2n7vYqY9v-gbEqPFeaQOx5GJYCGEv3PsHFjBec5gFdLq7U9z3U9aRutaXPgdQxwRaeZe_GdSxL4vWe9MgoCiJ664Q9J4zHOFP_RKgR4T8yIMwe_ricGN5NmHlP4fyRs5n9FutHMBdQQKFvt8gKJsh1a0z_EeG1j7oKtelJoFaW2cX9LW0z55nxQJtb6T9KaQSjls3MwaCPkhz5H2xL34vVRv17heiQFiCd4_Eu_I67v8G5lWHT_NxY5E3D7rDFWjJ6UMjD0mIXfU_042xPEYaR7rfHU0jRj_Ic0KhlnSiN5pybyuzHAWGcw1vb031HZTd4RM0O43GkYE8c7YGs-cQbqOsMpRqM11ODFciyX2hj9zBvrKG-mRhsTY6xzBqFsesaSlw6iG2VEzkfP-BHl6YvGhx7G9mQCpZoT9-R4uki9VxdbdEgNcS6GH0c-DeonsFnSuldZZy9RFo-NCnZqGmvAtvYAWW4uaolwRIyLV44z7oxKPLYV71S3C9862bGtmDey6wEnt8XLKQpz63MOAiA3T3SttzVN5Mp-Zt6KJCT9f_jnMh7fkG_5G37rmypR9y6oBNcG2_4R1S7IWXCZs8HWpt30De0acKZ0Xm5cpavvXj0EKXWiHzpKk0o2br45Mwmf_KLOK5ea79x05XyxlepCUfSqpHOCD7BJrfvJHpiZ9rtoqrtF6ffOOIObDse8SCnjFjAbHSnM04KwHbJ6_x7R9QsTC_qBx9IzxauIW82t9h-1Xa0nVqF-uI_JYUZEV_8HxXjG4lqIxN60PiXzpu75b9F8laCsSYxdGo-DZYJkfjPdkz-rI9ySKVBUB-OWQgBw2EkxTjVa1j6GQH4HN9ZIRxxekRKfGiqKIylv-hdvRLpKWOHB1fgyK8THSjuud9vLMyRr5EA81nnAQgPvo8jzxQhnye1P-HCEXsTScj2eQTs8W7FgZ8CyRZL0biqHiInwWI_dBNYdm13TCMysd0sH1iMyptnM-La6qcSWMZS6tOTLKw-vjDUZ3K3r2aA_Y3VxON6faJ02hgBX0_M_OI9pnlRD7uK1gfLT49NJXThhzr1Iemj_UD7E0n2PTNejFMVq23GGB8Tid_D4c9ar7NatTRCR8pXYWCHNdz9lQvPhdIo5oLYfXGxhEgdrpNNnYRibZQWxUz7iRaUo7L4rRuNA1_hxsRyT0g1fP-fUUfwtMkq8xm-AfllyiavSdYCSOcdgAb6gCY-tqDSE5zpT1q3FvUVq0CBkRuz8te4k2NuCO2w6p3Fh0Jw7hHUFmj0XOzoCYbjANbagVF8ZrguRR6or81XGhsWZK8E_b4VzjQRxS6zBuziD6jeZlhk2kGHCnEheE76arYETF7G3Sw3QRjuCzS8TDaEueD1PcD8Lgv7OjQxMzFln14drVLZApYL2EVVjx_YgVvK7g0jrphiFdFXQ14zci4rgFYx5HQj_fuJ4CMX7mjfY2_yMoDyC2P8i7zVrNTiV_IhDaS3s7VNdaO7hWqojqcf4lxAarcr7j0WfeIEtoLn6aozF3HIpf3X5rtLXnPLOO7gvUdbS721TYiAl_bx5NsUg96mnRlc5_7jisVx2qqxhzHBqoyYx0iVTgNPo6F-JMQVJoo3G21HQUMMA0J3rRy3I6QhXC8TCIuVDOeeu8zIlREpwWRf78r7mny-I9B5mDIhltN_pL3oFBY9rhWBh3Jl3YZnmxaG4mO0iGiu6JtmruCl94cfl4uhU-ZQyFcxYIV-40L4ztR0WfTlbtjJ3j_A3XU-slLet8lGWK9wlsmZaPuPQNAyZGgEsg8hbKlAjHUOtx9Ran7OUnrLJf6z_bdrg5Led8Npk0M7CBIxNYJ6FgkF7o4Hruf3SAVSw-PXQeZyQULP9niapudIuXWF-GSpBjhIMBM1usQ-UMy0QQyTUw7kz20Ii4nEEKMy9A38MeFCUK96WxGD7NhvIz66TxwVew58uhA2M9FnVpoDVVnlz6ObW6COHDXIx5Ru_r39LJlJ2-o6jUxKCbSSXDSgwK8bK-467107s_TMTme5f90SJT9OrZorSDcZ13sr7lbTKkiFIPttsFmaNZ0l-LISCjHoEqHxprhNT-HK9KPlQqb2foHjlb14dAAHD5ZtWG55svIf9dLP6Ry7gFmgDFlgVgLsTNreEcwXYHON2l8cjs4j0jm2EJLEm77wZme9THK44KhakbHH21dYN1rVzrszLjmxduOG8LsqcxSSIqZatQebS3ceC-GCXnuSoKk5joJqguoWYXNoFlppFvpsLZ6gJCaqV3NuF4wvhHoiBwN0lmOavuvfzGym_xM9qAyilmBE4jGJwkDz6uiXWevJ4_DlD8yvqbYOWWDWk2yLWYag3q3PLYJjrBaqUy6XvzRlc1c5-NRFm6KWeoJdGWRoW6nr89xZBpvQu5wxYg-oowiZtB4PBq9pabK0idWHa01_XOCT7kvhOeWQgVpqTKciIH2evwjUwmnJt84tbQnu-M-v9hTH_rSaxcldrcRmfaYuqU9K2K8bgP16J-fwc4kiy8fzhF-jaKI4mTVy8WYkcQpS3QM87oKjhX4IT9IxAHoV_1Svdt7Pbi9ioSOIJ_66jQ7MHXuo8kq99UwRadQInAJxUxpiRk-jWdh2PZWK2RRd5krV8e2kxF8jlXbL6M__MSAZwk6GYwgrpC8KqEEtHiLYRRCAh0Pnjf4H8OzMMQ4TxTGPrX1XwTanZK-pEqEsKfdAvRKQd7uf1BdBsNQp5Nb7N1O_EoaMfXRV33RSrxZlrDTyqnZbtgjKcG8jEgj4MefDqsI_s5yY8GvvOizZV1W85bubj2SPMr01QVdB-WzMCjq05zJJrnzguGHw47EWwDVfiDMXK0VEDqiEcvcFwJDWojUFRdLl-eGx9QfUvI8DH2hSIeCSE8pdXx0b2lVegpcMW3ZTftONDnDRu7DYKjISXQvGwUFs7nPbJTHbk7FF0FCJNhU9h0THgPiIZ4FwVVxMy2OHcpKKtsck6kzj39r1GmdUD3wS0yBN5QwFIZ1tUqMZniFIDUZHOvAYuMZFEZVVPvPrMw65X_obsHwE-ihJXU3CvyNDf3Uwrxe7sBBDIY4dKKQeuV9qXYwS1vukza3t9BgZ9go0_R6eP0IHuiwIhyrH4LaIwjNKlcwT4-gx136TyAMVg6oGq7ZzXeGcAoCiMEwPvPCgkTLI34KV-gfJQG4LRCHcjS1LCc3RMFyLMbiQH7wnNIeNPnIB7E7qWwfinJ0_A24WkuxCDlMzlhpRhr4pnxGJQIlbxyyi00NdkrXZOkeKSR1DnQkOTM9JaAsfVr6UKX9x5efQ2ZonCgBRcyQyPrwaZRQhtXcE8-eYacaoyo0Jj2hkG6sMZICOlPM-gWidk_TpZXeNqt_h9gGYUmcrvAoQJRoViVNx8DJEH2iACI-05g1HPhUKlx8rmVGY3l0nmy_WSVK_g9wFVWpCkY6FcZmNzzbDM6sE7ZjoB7yHTLhFhdnYecVU0g0OVsjKZcuRzrLPba2uvUktkoGjZPugXEwjA_zq5b4vwBxcDbBtx9QVIteXOCnSOgFsKoJZiyWumiU-dCOU8PDZebthYmqdq2-0PYiLBRFIxu4RgHfVqKewHl0T87K2VdF-tdCi0R9sH9NYeEqUGjUVSKo67WnhHplIGxdYoqpSNUJbptwAuWRS5dUyzLjEZRQqDT977rNwrBaYXCmF9AOKHIg49edzQVD-IEtocTihEcs3w67SM6v-FCB1Y765o6HiSjQ1nyRijc0CWXk9-97sWJO7kJlR4JZbfCUT4BAE75kqlPoOz8YciXqnXvJUdHtsmi0vS8xhg-6WL42XBPgQJKN7o7U37Pe1cs-qFVh474Suypv-CW1cRwkuiYsBgGa2NXxMfWqmvdbmb_NUJBIPr7C0AgR_dEMLfxRD3TgY9IVFYH7fISWIeimk9ttL9oubdd5AMGEQ8Al1EuH9yegiOqPFMJCtvs3AntreV5OzAyu_0cZec5r8aLLY3S8tErRxU1DslUATfYsvsKcI1wTc2edp4QFaq1ebIjzkvXUJL7qc9tzF13UNSxp-PHrso8S45kQicnCpVSkSrWY69JOLE266XMpYgcFZFAr0m-fUSh5ZXTAFkDAmT-QgWcdnHnVDUfMluJA_91kP_mDefXUai-b1s0pATUSxO1Cb2hVp3dD6MPBh8MXTLKVlFAYb88IBZqMxLCDJY-O-OeU0PocEGiPfz_2Ex5Qfup038ykwAojKm-03xnOccYQAKkdcwHLs-nD2SyosVHQwPHRgzcRnDnDeR5HH-lotnjR1qRAAOXhJNybHtci_UiIgbbfk59uEBkzK8ilCy5KldDLof9SSvkOVOzblUVPoqJqEjS53f5fr0PnhbSl4jDDmFQjJmDtECFnL6Gg1ud33eyHIOfqccgTaLAPPE0D01NhKQpfDXnwmENo56Wtxuej4Q6brgg41iEqDkI7hG-4Ig0D5G3gfHkZrBh0ZvbeSkyLZbbmcdwfGV7wfkfrmVWGtyvH1qF3N1fLLQLI9z2RHvf5F3kdyO73JRiyvNY7KOdPT6MUPHKIk=	2026-07-09 04:26:44.480402
207	130	NO_PREVIOUS_TRIGGER	FIRST_TIME_SIMULATION	gAAAAABqTtX5iscmF8YsyF9p6XTRFJ3wXqy2b8m24dUDA7_-pyLDVONhjWwrJj83OciWtbjj-jJcQ_Oj5FAQmAh3aG9JuRaDhww7llmNkLeW2YM6HS0cgT0WMYcXPKT9WaB8fZrPw9sUQFGphZ1hoYvj42BX2CjcpFguAELNaf1v_bkBe82fsh1klM5KAvXHaagXfLC8JkGx9K0LghvtHJBix9lXgbzYS2a_UHh-SQJvfT4CKzQRfByzUg52qDs51u5lQJ6tS5PSf1W3pjan78b3h6_-QvjVdAhdG4s-xa_PtMCbOl7Zwk0R9sFzEZz6TIIcKDn4WYVFoLRt4skNwSKFGQd-YxZbLLlZcff9NaAPA71t3O1Mn0lS3y_oivvhRjojIWGQZ3HKDHaN2NMbCQTUWkh8ySjT6wLG7yJtBCg6WKTaduX7s5EyAgpXL6JLoO334FEb1OsvwNFtzx2F6UaiXUPnmjDl5vIP380H70mZhWuyhE6NUesv7gvdObgkmIUh0MVy_zEHr4e1qgL_ynMkE9rlCT1MB2m4E39HSdWV3cAVVX_ArVoijJlIv50LwUuR3TixSPliqWJxBlKH4um0E0y_G8FfBxc5tfsC9vdipbWG9aVGQgvZHtmSSkCGS8Hup0ZlhbAjVcnErIJglQUxdKXlPrDHnAMCUYGHOoM3yMUUcxWD7Vj-JIp-rq9AN97NmTLkVDewPSiK9nwjOj14NFwDR6XHSjAeWhyKOk84_UZ2en358cms7z9UHIIMoxZ9tUHqfMlTFZgpJ5NDDRuWON2z77FtdtQjPRJK9I9D-d-MspMwBdU0DjDIHcC7NQuiUQSdQY1JossrPDxJogxFl0bkUc4rurCT5T1UfQBruhnktY2j_rx-N29uOwboj9Gl2J0R6xbEodZASXqWTJF-6Ee9Y8Irffilso9OSpSDnwnb_mV9OZqwjRId2xe4p28mWMbVyQCsIjtglnSVIj8E0tbPSAW9dhurb1EsMNme0cSBvkH3lFEP7S3n1xmhYnDPOhlTMWzO7Sxrk6GpF1i_vvW9Jkhbk1c0Tvfk3HB8AGi60phTJ_7G5QwUJvqgZ63h4WKfLOskGaDMeUT1cnHzxiXF0kmkRDnLRuq5F-6-uU29bArlnj4OJAUcPujOu2QBvIL3mSS92_PXxkq_D2wghqXEbj5bjusbQPzfXrjcdeLIMhukIBjGz7BO4Rq9b2yhOEvygeg_ND5qGsG_Ra8x5qWiQ59M9Cpglizvw9VFQnXSSjcp4RI5gf7Vm2-KVWm82FcPU23Sa1DLt3RP3K227CpmhSYMfOUpNOra5ioDSMK-M-6JSk1SxR5EcnFtlprLzCXva-AYNkZ4-rg1_3icLsmCI62H9BuRf0E-X9NWVRL9O7zU_VBzEjojoeuvZ8hPPfQsLp9A5UV5hG2q53AYdP6fdT-mjGieeimHRr7W0t6kg6sIzExhU4lwO87-f1GFoZ9aNy92selqTZCJIlmNdqBer-myVqOkcCMlNziB7mBa4_RzKa7-qGQlR1WEXp8RABcgfH7mUUoiWIjZl3Sh47d1XWvIwolHWSNF_zZ4LTBiGS2g2kzTyRAmobQ1-mTDryB7yeNhsRMIjPeSf9AYhH2-lE1nsBJiVxwBoqv7hwQdWAr0X3R7aaw6tuhPAV4bkqvkPmwVUD3vaV7TO71t3DjVNh84OUDdlEJxIF03-u9ab0ZZlVn-gSrqs5S6F45kKCGbbTGMcB0Sf0rq-AA7tI4ZOWVlMnXBtJmdxBqrTsLLBj10FKhBQa5m3qbW6Gav0h1zxNQYLvOgyDvlbjPQM1VkwhQvEbXAW-38YGV0fqWiF2CHTtKTppCIL_bPtP2vTMRnwSGMlx4sOrnwdr6KAQcmHJTOdvSwIDPY3wjWZkMBSngQG3b-J6wKvlhnO4Zeq91FpcIWvdjNvQvy9SlqIG_QCQaGlZPWj9U9AGzAbHQotP5wXP6BVstMHQJ21oHawct6lzwYC3Vjx-SgmyYwufeD7lQIrevigybxwouJ4V41i273LIqRd5BeAQvz2vpnkKdprDMkMR5Z66EBQz8Rf0YOdPJ81Iz3ZIhuoeswboFrQSGWGeVfdgnEGRvrIVey1nXUnWw3DAzXCKbvayLbKgYZbiOx8WAOq26GUHZ0nkAwDiuos37x6dkNR8vCskRfh1C-e4iXGpjXaD_PaBkXdbowYbKZep0eBED0gCZIovHOJY4VpSECZl49NEcbMFifWJKQb3eMkI3bd-tAuJRvRvCGGM4jD0_tOAwn8pD4noNewfy1m10qhs4-Rm8phAQVIuB28hOgLvBWDnQQzeMVFxJE839err7s-l-dfMDZCk1UVQlgPF0vikQkbNBxcDi24dUphDgKEt5acJ6Ch1d4_evFxcVjtii1L9rZt3C7A27H26SKnXrRzsQlCF_3XujEQ0FfSwpUVXjOl052GaTn0aDfb_EBWKTeLlTd7PvDHjrdtoU_JQMSMZcmCRqrtE5pD-PmwgLdmaeGG3umYGIRDkuupejv3rkNQ85-jlPaQ6O1WW5zHPoNonj8u6i7v4Ag36RmwZWwXbqm9mYeDquO1wSci3zSMoxNes007PCuJzjGVC89V2Sei219qXwc9VjFlUnhmoORl_6cJxM4Aa5hGDxK_Ss5z9SGf19yNlt12NvrU6bWXuhurdfUsDMgSnoeEsXdMrc0yypGEjh20R_AzlzbvPJ_XD2iIq4Q5v7z4VfXNrH5zvGZkEL7Rq20jt2QrpIUB7LY28aPLf2zjGrEc5Vs6zadEUqRIDm-zdew7UnBL05YnY7i6WixoTR2pyt5vSsI5mwA0Tz6N4qF_w2zHZBUb5nSw7ADlfrl4zcEYLspJyWlNNAfuofiQ9neQkoJUk-troAqM6AG4qB7232XJOayMBFLgs0LKLsjemzjggXlWpOqTSJ61niLGw31yqI7JWPGUgL5MeNJ59zNgeC4BuBVEukKdHP-rpXRzJxrtcMhJsZ-iloYeeXIPUGxOyi5-DKzu5IZt8F-lfctDeSmg0oVhBWPOduSf-Wbm_r-92zURRc2kN1UeYs_su82fkGLZ1E6EswF_pUTbCW8-mGjLn2WBAV7pMnAoAKEGfaX7zQRFKPVIBV3JmF9C8UEDexMof-kMwvygenuJgGx8JOjRzfmWO85u9BHy4vqSC0NbANRQejL5YyUFEH5PsH95XynjuGkMDLLGZTt-rXMhhj-ixF5M7vZY673h3SjDrJ_6nEUcG8YP-N-L0whioHKnmoyxCoG3QXSVYkOfPX8RFrpDsgnaQVHgpMP05lBHm_dW4uRXf_4td4HPwXuPfJjz9GHob_HnPHoHkQMO9BlAHYMOLooyAtL7Hy2Y7UTcmkZwcpnhD6Ew-PKR6AuQ4U7yFSMGirttBB8k7TMBtY5nbXTiw7Z9uKxHFOe9LttuxKDPSyuN0EyvGSckMXvGwcE7g3HBJ2CdkNOZI29YavdBbYg11rHf_BHd5XpJTy8HD192hicVOUmEdRBJSuQYflXJWsQJjjLXRy98zNSAuYH03tLImJQCoqtn14038Swx1rXeU3aL_By8O13VO9gUDY6TjTY7TSRxFdUnz_GARfn3zm4waweHzo28wo_KN7nPKoumssO_hGRss9PvS6N0X9Z7vaeM1zxBwgDJ6zOElv4xa6ZPjjR-FXeXaxhFOAUUfrpAJSOnwdEnez-bF9XGpTZ_XNJBJzPofZVtg2UBfs-sGDdDrtZy-eEt_FFiLG7HkykQ44FcLcrUZsKshmVQ9u_3LUMHSkLf9WC34txhpGwdxYAkPucQaA4UFsXsTKX1a8eTc9dqE9s3pXhRSBgmYhq6iG8oYjEXjkJ-FybxnvChvEj_SxMVFxvEmN0wf9eQPy2Wi_uIq5s3Bu96hubT5sbG_vQIxj1j3AwH-oFx9dskFLjl35VRrcST17_AGkdQqXa3xPMPKaCgJyaaAH0IKlFqRenuLvj1fcMfnrmYU6b-ebgtt0iy2lBLKoKpvThKATlp-R0404uQK5pzoQvpESSgNGtN2Rhk3Ubye38xCTKbQm8Q2PVEPLwBoCZPlusar1kHQvoDYd-_V8gtyZ_wrqsbegynJugx1BYQXEvC7ePv7xKF45AhGgh0-gxAZDTFYs_i7urrzi6sQ6qJewPVwOrEUFtk-J_SjhEVyDJcwo1FK_zTyoc_rAx_BOqaM_bWk8ZSbDp3EMEYGusCh7BiN7ASonqh8pP-CVOH9PVRzHtxEhslhZt00UxDfCchWuLqmEt91rT2s8Jq9u2MJrC7gJj8v0SkM7No__rtoCsGsn4_mi3jQwGg-bQ4J5cBeGmmMiPAFJxyxF0qcdYALgg8-C1D1ftoYBRalTTyE_iF7DFvFh3ZWo3q9tMh1flLSrwsjlhoLMiAKiSet3vInoc6Phz8w1V3Df0Xjega5avfjKpWT-guF9zS5gbcPlUxzcIXyP1qVASocmTiUnsj3m3af4JKT6IhsUFIBKekAawbirJesU_WZNvTK30UdMYNJCuBDhoiruXK2iUtI6MNkVNAlv9xmzGmQeFKnf10o_sANtM4rwk-nN7tmrPoJDLj9AA3cGy1Ciqrg9t0_s0JlgIJQcnr7VL6LCp-oSaRrTnr3bKBNja8IU7z7hsgYoH8TIjBLfchQFpdQ6MDeymY0F7ywGmFsCK3mb8Hd3-kMXSaigVQUCHngZEIvfl6DFaUwe9rLub4Oinf1IzI6xAyc-rIz9wZTdpj5akJlClqRKDvOnyx9p9ESK2r_93PdqqokICqUXYeNRgpsmO-gL-YXQE-6uhx5aR06HnicaK6OqsWLuDwvFMjxhwWnK1QofDQhOMIxuLwN3thYMVEtQPHZnhx8H9gb1B9IBpKwBs2BGK160RX8yCCp0FhY-co2kRh48qmaN8HFvIH5t-73EEyJzW48yQEMtZoDEZK_7_ZixV9mhIqHSMBquceAYg_s_KG2dRpjf9CR2lnUNZpN5COdWxrJvsFIDqk5qmN557cMYTbDISAqSoAJGlgmtRjkXSbTZBgN0vZxEz37f22HkiSyu1rFxYXNi0Up68F6IiEP8VZNWhfD-D7IBVnhQCfHCFoSw44Bwq298BqSAuelXb7AFvk7MVcSDSa--xJPmL-V16F8gDorhuERW8rPcnVSzjL_uH19SSej9vcKREtj51n22Jajlr4vsJd_X6PKfzFIK1Wdz4HnoxdB-epHxHuc-E7aM-SFweyp552P1kY7PQI_Z_AXUiMJvuf5Hmv0yaDVI4euwWKO0w3wCY_to08b1HoXpz-LUUC-Xyghij4TEMFiW_NsbVYptvMfzpvBFy79FIMmvHA6j1xPpPFj7RHSliShME3AFOLn9Y-Vucn9QsqjpW57QTx2WATTJABAQpRbdizmKAAQBPfRDA08Uh9_Pz15ZebU8AEhvkpUdqfd-FPcZGQxdXFLJsspgj7CywC3RKOe0Z6CwQqwkUIUG6mblDHqQ2f9OsMghmPRnCUOTCtL9AdW-d8QAAe9fhR95Kj3wP-TmCO7k94hZ1VTYqWyllDJ_l3qxKybYFRN6aQ3Kb5p-LKSRgtX-qxg_BCqU2SV4At9CqQguH7S1HFiQ101e5JSNuuMnMJeq-rMEw6H6-MnDc-U0_25Kn5LxHNQ2d2Q61Q83F7lso3fW33EqTB5v5sSmlK7HX693z0zgw6_lOrqG5y8_JqHWZQw3WtZdw_HDZ49n3YHmaBmFTzIKKOop5Yv8xyCh8i4Ia29DofyRIAIV1cBcHR2jNgKzFg-paCfXH8UC4aT1Qlc_FKYuvXXJ0P7QmaJDRn_aMfMxG_CWukjtA0FlWCt-AxXk3uEuLPhRfV98-gpfrsW7n4lCm2AmbuJ7CawmlktHvgh5fDPbC3tCwg1V0rBSdwZyoO6zClBb_jtDEtEjoayMNt6-PMDpZ7LNti457jk4wwHJzAvXemctYJUvkxX8mQnpA-_sjH5PjbJGUtLluVsR8zuXRSZ2YsIzbrBakx2vBa8El3RBRfyMWUNr59MeLbRwBAyH3Ps2Zi274mG8SJIEDtTjIV7-cnfXH6ffQ9Ok6_tcM2aEyTEKVl1V9UJEQWf1gheXhPXa5ZIBF6z6G66ynMkGKmbFsGf9LBAD4Z3YLglmnL3eSU2vdnq_fZ5zQKfj0gaP4GWrlfFA0PBAU1EpCTEoRGxCtI-7S2l_8KGSab5HAZA0XG-W1SB9hXHRqq7JsrR9hFnkiRiHAHIR9z5RVKvussAMGx_k1r5YRWyUSITl1LfI=	2026-07-09 04:28:01.504328
\.


--
-- Data for Name: simulation_logs; Type: TABLE DATA; Schema: public; Owner: postgres
--

COPY public.simulation_logs (id, payload_type, risk_score, encrypted_data, "timestamp", campaign_id, prompt_version_id, employee_id, event_type) FROM stdin;
45	LINK	30	gAAAAABqTqA675erK8Z3uxsbpIcor0Fl_wfq7RUjHWnJ3MSL-5OwW5emxNQRHgmncMvKbrwnheFKU7vWtb7FswJF6XSXwkMP00czNGH6Gi_AIhU170Ve2VEzJVwKw3WeC6kCqmmJFPD7UOCiX9JpPNmUjJzw9hGYfVcSRmIFWahDRMRsANEoqslgt-pN-qm3oKalz2skXN_L5hKZWHl9hmiY_HOoB_9mmBNUgyh0TNhCYhPaLUxqanSREgEkH1oY-REuStERylVF_h42FsGB5GaxMJDjHQ6w0G-VFVn0boC9FOsPDOP75s90F4ESNYCa0KPL4lHBlc08Ma-FYRdW-aKLLLg12egqVA==	2026-07-09 00:38:42.697213	123	200	3	LINK
46	LINK	30	gAAAAABqTtXDAUdRx6tXiQgRolGaaWm1w5Yh6YOqkUv13Yrq72xjM5TpgQeaPyLC5KPgbqinQn10alItUru8K7Iz7et56aBzfbj63J8-vxbe1-w-IfLKfJ0u0CHvUZQeRVR4GLVhmBwx7Vuo1a5EyfDTN4yIUPYBSJ5h7UKj0jzJzb1zx3IBe0v3GKJej6jvyM_7gmm2TrGlnta7GuR38KBUF-bJ2Bdw0AsZ2rtcVdFeaeObzMkU9ZhbNeJicwHbgQp0HohTYmfPSpDMSQwB5-_I6Q2fk8mPUq3VIxNq5HKZMS4lx00FZgRlqOqumeeCsiVbVG9FHdbc	2026-07-09 04:27:07.59394	125	204	1	LINK
47	LINK	30	gAAAAABqTtYFmjelbfWHwCV5mrOgRQM2raOTsCISAFoiH9oAf20l7K2j9DogATPHV7BBfK0JLsI4UAwBV0l5XZj15n_Kho5qpzEKzbTfwFkWsJDGes1o4b-vVIz07rj2ZA7Ph9tgMBsepbKzhwGc2JAg3Eh0LKcVcbD8Neevr_4vJX-h4yN1P_VFVCUPv2_avlaBMVOxgoqbNYxf_Y2de6SW5J0OVGs0VE8extYV5HGmJziFFo9O59DZDGahxyPSBPvwjb93IkkPCP1g54ZKImqq2WQT8uYUA_QS3p8MExFl6MWQmUAYYkFnrzh2lK0MSDxgc2ZmEx3xoU4ghB_mfyZi3w0jlclM2w==	2026-07-09 04:28:13.128985	127	203	7	LINK
\.


--
-- Name: campaign_runs_id_seq; Type: SEQUENCE SET; Schema: public; Owner: postgres
--

SELECT pg_catalog.setval('public.campaign_runs_id_seq', 130, true);


--
-- Name: campaign_targets_id_seq; Type: SEQUENCE SET; Schema: public; Owner: postgres
--

SELECT pg_catalog.setval('public.campaign_targets_id_seq', 210, true);


--
-- Name: employee_signatures_id_seq; Type: SEQUENCE SET; Schema: public; Owner: postgres
--

SELECT pg_catalog.setval('public.employee_signatures_id_seq', 6, true);


--
-- Name: employees_id_seq; Type: SEQUENCE SET; Schema: public; Owner: postgres
--

SELECT pg_catalog.setval('public.employees_id_seq', 22, true);


--
-- Name: prompt_history_id_seq; Type: SEQUENCE SET; Schema: public; Owner: postgres
--

SELECT pg_catalog.setval('public.prompt_history_id_seq', 207, true);


--
-- Name: simulation_logs_id_seq; Type: SEQUENCE SET; Schema: public; Owner: postgres
--

SELECT pg_catalog.setval('public.simulation_logs_id_seq', 47, true);


--
-- Name: campaign_runs campaign_runs_pkey; Type: CONSTRAINT; Schema: public; Owner: postgres
--

ALTER TABLE ONLY public.campaign_runs
    ADD CONSTRAINT campaign_runs_pkey PRIMARY KEY (id);


--
-- Name: campaign_targets campaign_targets_pkey; Type: CONSTRAINT; Schema: public; Owner: postgres
--

ALTER TABLE ONLY public.campaign_targets
    ADD CONSTRAINT campaign_targets_pkey PRIMARY KEY (id);


--
-- Name: employee_signatures employee_signatures_employee_name_key; Type: CONSTRAINT; Schema: public; Owner: postgres
--

ALTER TABLE ONLY public.employee_signatures
    ADD CONSTRAINT employee_signatures_employee_name_key UNIQUE (employee_name);


--
-- Name: employee_signatures employee_signatures_pkey; Type: CONSTRAINT; Schema: public; Owner: postgres
--

ALTER TABLE ONLY public.employee_signatures
    ADD CONSTRAINT employee_signatures_pkey PRIMARY KEY (id);


--
-- Name: employees employees_emp_id_key; Type: CONSTRAINT; Schema: public; Owner: postgres
--

ALTER TABLE ONLY public.employees
    ADD CONSTRAINT employees_emp_id_key UNIQUE (emp_id);


--
-- Name: employees employees_pkey; Type: CONSTRAINT; Schema: public; Owner: postgres
--

ALTER TABLE ONLY public.employees
    ADD CONSTRAINT employees_pkey PRIMARY KEY (id);


--
-- Name: login_attempts login_attempts_pkey; Type: CONSTRAINT; Schema: public; Owner: postgres
--

ALTER TABLE ONLY public.login_attempts
    ADD CONSTRAINT login_attempts_pkey PRIMARY KEY (username);


--
-- Name: prompt_history prompt_history_pkey; Type: CONSTRAINT; Schema: public; Owner: postgres
--

ALTER TABLE ONLY public.prompt_history
    ADD CONSTRAINT prompt_history_pkey PRIMARY KEY (id);


--
-- Name: simulation_logs simulation_logs_pkey; Type: CONSTRAINT; Schema: public; Owner: postgres
--

ALTER TABLE ONLY public.simulation_logs
    ADD CONSTRAINT simulation_logs_pkey PRIMARY KEY (id);


--
-- Name: idx_emp_sig_dept; Type: INDEX; Schema: public; Owner: postgres
--

CREATE INDEX idx_emp_sig_dept ON public.employee_signatures USING btree (department);


--
-- Name: idx_emp_sig_name; Type: INDEX; Schema: public; Owner: postgres
--

CREATE INDEX idx_emp_sig_name ON public.employee_signatures USING btree (employee_name);


--
-- Name: campaign_targets campaign_targets_campaign_id_fkey; Type: FK CONSTRAINT; Schema: public; Owner: postgres
--

ALTER TABLE ONLY public.campaign_targets
    ADD CONSTRAINT campaign_targets_campaign_id_fkey FOREIGN KEY (campaign_id) REFERENCES public.campaign_runs(id) ON DELETE CASCADE;


--
-- Name: campaign_targets campaign_targets_employee_id_fkey; Type: FK CONSTRAINT; Schema: public; Owner: postgres
--

ALTER TABLE ONLY public.campaign_targets
    ADD CONSTRAINT campaign_targets_employee_id_fkey FOREIGN KEY (employee_id) REFERENCES public.employees(id) ON DELETE CASCADE;


--
-- PostgreSQL database dump complete
--

\unrestrict Y7eL64RNNCf9WIp9OmFIhuDAMnbWyJMbGmDeTMeMZdChy5hK8Hi2ySdv8diHi6q

